word,severity
***,severe
*itches,severe
4r5e,severe
5h1t,severe
5hit,severe
God,severe
God damn,severe
Goddamn,severe
a**,severe
a*****es,severe
a****le,severe
a**clown,severe
a**holes,severe
a*s,severe
a-holes,severe
a-s-s,severe
a55,severe
a_s_s,severe
absurd,severe
absurdity,severe
abused,severe
abuser,severe
acismstupidity,severe
acist,severe
addict,severe
addicts,severe
adolf,severe
aggressive,severe
ahole,severe
aholes,severe
amoebas,severe
anal,severe
anti-american,severe
anti-catholic,severe
anti-french,severe
anti-israel,severe
anti-lgbt,severe
anti-military,severe
anti-religious,severe
antiamerican,severe
anticatholic,severe
antichrist,severe
antifrench,severe
antiisrael,severe
antilgbt,severe
antimilitary,severe
antireligious,severe
anus,severe
apd,severe
ar5e,severe
arrogant,severe
arrse,severe
arse,severe
arsehole,severe
asinine,severe
ass,severe
ass-fucker,severe
ass-hat,severe
ass-jabber,severe
ass-pirate,severe
assaultrape,severe
assaultsrape,severe
assbag,severe
assbandit,severe
assbanger,severe
assbite,severe
assclown,severe
asscock,severe
asscracker,severe
asses,severe
assface,severe
assfuck,severe
assfucker,severe
assfukka,severe
assgoblin,severe
asshat,severe
asshead,severe
asshole,severe
assholes,severe
asshopper,severe
assjacker,severe
asslick,severe
asslicker,severe
assmonkey,severe
assmunch,severe
assmuncher,severe
assnigger,severe
asspirate,severe
assshit,severe
assshole,severe
asssucker,severe
asswad,severe
asswhole,severe
asswipe,severe
atrocities,severe
attacker,severe
authoritarian,severe
axwound,severe
b!tch,severe
b*itch,severe
b00bs,severe
b17ch,severe
b1tch,severe
babbling,severe
badass,severe
baffoon,severe
ballbag,severe
balls,severe
ballsack,severe
baloney,severe
bammers,severe
bampot,severe
bang,severe
barbarians,severe
barbaric,severe
bassackward,severe
bastard,severe
bastardo,severe
bastardos,severe
bastards,severe
basterdization,severe
bat***,severe
baztarbs,severe
beaner,severe
beastial,severe
beastiality,severe
beaten,severe
beating,severe
beatings,severe
beeotc,severe
beeotch,severe
beezy,severe
bellend,severe
bellicose,severe
belligerent,severe
bestial,severe
bestiality,severe
betrayed,severe
bi+ch,severe
biatch,severe
bigot,severe
bigotry,severe
bigotryor,severe
bigots,severe
birther,severe
bitch,severe
bitchass,severe
bitcher,severe
bitchers,severe
bitches,severe
bitchin,severe
bitching,severe
bitchout,severe
bitchtits,severe
bitchy,severe
blackface,severe
blather,severe
blem,severe
blindness,severe
blood-sucking,severe
bloodsucking,severe
bloodthirsty,severe
bloody,severe
blow,severe
blow job,severe
blow-hard,severe
blowhard,severe
blowjob,severe
blowjobs,severe
blustering,severe
bogus,severe
boiolas,severe
bollock,severe
bollocks,severe
bollok,severe
bollox,severe
boneheaded,severe
boner,severe
bonkers,severe
boob,severe
boobs,severe
booobs,severe
boooobs,severe
booooobs,severe
booooooobs,severe
boor,severe
boorish,severe
boors,severe
boot-licking,severe
bootlicking,severe
bozo,severe
brain-dead,severe
braindead,severe
brat,severe
brats,severe
braying,severe
brays,severe
breasts,severe
brotherfucker,severe
bstard,severe
bstrd's,severe
buceta,severe
bucko,severe
buffoon,severe
buffoons,severe
bufoon,severe
bugger,severe
bulls**tter,severe
bullshit,severe
bullsshit,severe
bum,severe
bumblefuck,severe
bumbler,severe
bumbling,severe
bums,severe
bunglers,severe
bungling,severe
bunny fucker,severe
burn,severe
burning,severe
burns,severe
butch,severe
butt,severe
butt plug,severe
butt-pirate,severe
buttercup,severe
buttfucka,severe
buttfucker,severe
butthole,severe
buttholes,severe
buttmunch,severe
buttplug,severe
butts,severe
c0ck,severe
c0cksucker,severe
camel toe,severe
canucks,severe
carpet muncher,severe
carpetmuncher,severe
castrate,severe
castrated,severe
cawk,severe
cesspool,severe
charlatan,severe
charlatans,severe
chauvinist,severe
cheat,severe
cheating,severe
cheeto,severe
chesticle,severe
chick,severe
chicken,severe
chickens,severe
chickenshit,severe
childlike,severe
chinc,severe
chink,severe
choad,severe
chode,severe
choke,severe
chump,severe
chumps,severe
cipa,severe
cl1t,severe
clapper,severe
classless,severe
clit,severe
clitface,severe
clitfuck,severe
clitoris,severe
clits,severe
close-minded,severe
closeminded,severe
clown,severe
clown-beast,severe
clownbeast,severe
clowns,severe
clownshoe,severe
clueless,severe
clumsy,severe
cluster-fuck,severe
clusterfuck,severe
cnut,severe
cocaine,severe
cock,severe
cock-sucker,severe
cockass,severe
cockbite,severe
cockburger,severe
cockface,severe
cockfucker,severe
cockhead,severe
cockjockey,severe
cockknoker,severe
cockmaster,severe
cockmongler,severe
cockmongruel,severe
cockmonkey,severe
cockmunch,severe
cockmuncher,severe
cocknose,severe
cocknugget,severe
cockroach,severe
cockroaches,severe
cocks,severe
cockshit,severe
cocksmith,severe
cocksmoke,severe
cocksmoker,severe
cocksniffer,severe
cocksuck,severe
cocksucked,severe
cocksucker,severe
cocksucking,severe
cocksucks,severe
cocksuka,severe
cocksukka,severe
cockwaffle,severe
cojones,severe
cok,severe
coke,severe
cokmuncher,severe
coksucka,severe
commie,severe
comming,severe
communists,severe
con,severe
conman,severe
conniving,severe
coochie,severe
coochy,severe
coon,severe
cooter,severe
corrup,severe
corrupt,severe
corrupted,severe
corupt,severe
cow,severe
coward,severe
coward's,severe
cowardly,severe
cowards,severe
cox,severe
crack,severe
cracker,severe
crap,severe
crap-italism,severe
crapitalism,severe
crappy,severe
craw,severe
crazed,severe
crazies,severe
craziest,severe
crazy,severe
creep,severe
creeps,severe
creepy,severe
cretin,severe
cretinous,severe
cretins,severe
criminalmentally,severe
criminals,severe
cringing,severe
crock,severe
crook,severe
crooked,severe
crooks,severe
crotch,severe
crude,severe
cruel,severe
crybaby,severe
crypto-nazi,severe
cryptonazi,severe
crystal,severe
cuck,severe
cuckold,severe
culo,severe
cult,severe
cum,severe
cumbubble,severe
cumdumpster,severe
cumguzzler,severe
cumjockey,severe
cummer,severe
cumming,severe
cums,severe
cumshot,severe
cumslut,severe
cumtart,severe
cunilingus,severe
cunillingus,severe
cunnie,severe
cunnilingus,severe
cunt,severe
cuntass,severe
cuntface,severe
cunthole,severe
cuntlick,severe
cuntlicker,severe
cuntlicking,severe
cuntrag,severe
cunts,severe
cuntslut,severe
curmudgeon,severe
cursed,severe
cyalis,severe
cyberfuc,severe
cyberfuck,severe
cyberfucked,severe
cyberfucker,severe
cyberfuckers,severe
cyberfucking,severe
d*ck,severe
d*ckhead,severe
d-bag,severe
d1ck,severe
daft,severe
dago,severe
dammit,severe
damn,severe
damnable,severe
damned,severe
damning,severe
damnit,severe
darn,severe
darned,severe
dbag,severe
dck,severe
dead,severe
deadbeat,severe
dealer,severe
dealers,severe
deceitful,severe
deceptive,severe
degenerate,severe
degenerates,severe
deggo,severe
deluded,severe
delusive,severe
demagogue,severe
demented,severe
demon,severe
denglish,severe
deranged,severe
despicable,severe
detest,severe
deviant,severe
deviants,severe
devil,severe
diaperheads,severe
dick,severe
dick-sneeze,severe
dickbag,severe
dickbeaters,severe
dickface,severe
dickfuck,severe
dickfucker,severe
dickhead,severe
dickhole,severe
dickjuice,severe
dickmilk,severe
dickmonger,severe
dicks,severe
dickslap,severe
dicksucker,severe
dicksucking,severe
dicktickler,severe
dickwad,severe
dickweasel,severe
dickweed,severe
dickwod,severe
dictator,severe
dictatorship,severe
die-hard,severe
diehard,severe
dike,severe
dildo,severe
dildos,severe
dimwit,severe
dimwitted,severe
dink,severe
dinks,severe
dipshit,severe
dirsa,severe
dirtbag,severe
dirty,severe
disease,severe
disgrace,severe
disgraceful,severe
disgust,severe
disgusted,severe
disgusti,severe
disgusting,severe
dishonest,severe
dlck,severe
dog-fucker,severe
doggin,severe
dogging,severe
dolt,severe
donkey,severe
donkeyribber,severe
donkeys,severe
donutholes,severe
doochbag,severe
doofu,severe
dookie,severe
doosh,severe
dope,severe
dopers,severe
dork,severe
dotard,severe
douche,severe
douche-fag,severe
douchebag,severe
douchebags,severe
douchewaffle,severe
doyle,severe
drugged,severe
druggie,severe
drumpf,severe
drunken,severe
duche,severe
duh,severe
dullard,severe
dumass,severe
dumb,severe
dumb ass,severe
dumb*asses,severe
dumba,severe
dumbass,severe
dumbasses,severe
dumbed,severe
dumbed-down,severe
dumbeddown,severe
dumber,severe
dumbest,severe
dumbfuck,severe
dumbie,severe
dumbness,severe
dumbs,severe
dumbshit,severe
dumbweazy,severe
dummazz,severe
dummy,severe
dummycrats,severe
dumpster,severe
dumshit,severe
dunce,severe
dunderheads,severe
duplicitous,severe
dweeb,severe
dweebs,severe
dyke,severe
eco-radicals,severe
ecoradicals,severe
egocentric,severe
egomaniac,severe
egotist,severe
egotistical,severe
ejaculate,severe
ejaculated,severe
ejaculates,severe
ejaculating,severe
ejaculatings,severe
ejaculation,severe
ejakulate,severe
ell,severe
emasculated,severe
embarrassent,severe
embarrassmen,severe
embarrassment,severe
ent,severe
eradicated,severe
estupidos,severe
evil,severe
excrement,severe
executed,severe
executes,severe
executioners,severe
executions,severe
expulsive,severe
exterminate,severe
exterminated,severe
extremist,severe
f,severe
f u c k,severe
f u c k e r,severe
f'king,severe
f'n,severe
f***,severe
f******,severe
f****ing,severe
f***ing,severe
f**k,severe
f*c*,severe
f*ck,severe
f*ckin,severe
f*uck,severe
f-----g,severe
f--k,severe
f--king,severe
f-ing,severe
f-you,severe
f4nny,severe
f_u_c_k,severe
fabricator,severe
fag,severe
fagbag,severe
fagfucker,severe
fagging,severe
faggit,severe
faggitt,severe
faggot,severe
faggotcock,severe
faggs,severe
fagot,severe
fagots,severe
fags,severe
fagtard,severe
fails,severe
fake,severe
fake-news,severe
fakenews,severe
fanatical,severe
fanatics,severe
fanboy,severe
fanny,severe
fannyflaps,severe
fannyfucker,severe
fanyy,severe
fart,severe
fascist,severe
fascists,severe
fashy,severe
fat,severe
fatass,severe
fatties,severe
fck,severe
fcuk,severe
fcuker,severe
fcuking,severe
fecal,severe
feces,severe
feck,severe
fecker,severe
feckless,severe
fedup,severe
feeble-minded,severe
feebleminded,severe
felching,severe
fellate,severe
fellatio,severe
felon,severe
feltch,severe
feminazis,severe
fetid,severe
fg,severe
filth,severe
filthy,severe
fing,severe
fingerfuck,severe
fingerfucked,severe
fingerfucker,severe
fingerfuckers,severe
fingerfucking,severe
fingerfucks,severe
fink,severe
fistfuck,severe
fistfucked,severe
fistfucker,severe
fistfuckers,severe
fistfucking,severe
fistfuckings,severe
fistfucks,severe
fk,severe
fking,severe
fkn,severe
flamer,severe
flange,severe
fo,severe
fook,severe
fooker,severe
fool,severe
fool's,severe
fooled,severe
foolish,severe
foolishness,severe
fools,severe
fornicating,severe
fornicator,severe
foul,severe
foul-mouthed,severe
foulmouthed,severe
foxy,severe
fraudulent,severe
freak,severe
freakin,severe
freakin',severe
freaking,severe
freaks,severe
fricking,severe
friggen,severe
friggin,severe
friggin',severe
fringin,severe
frucking,severe
fuc***,severe
fuck,severe
fuck-up,severe
fucka,severe
fuckass,severe
fuckbag,severe
fuckboy,severe
fuckbrain,severe
fuckbutt,severe
fuckbutter,severe
fucked,severe
fucker,severe
fuckers,severe
fuckersucker,severe
fuckface,severe
fuckhead,severe
fuckheads,severe
fuckhole,severe
fuckin,severe
fucking,severe
fuckings,severe
fuckingshitmotherfucker,severe
fuckme,severe
fucknut,severe
fucknutt,severe
fuckoff,severe
fucks,severe
fuckshitcunt,severe
fuckstick,severe
fucktard,severe
fucktart,severe
fuckup,severe
fuckwad,severe
fuckwhit,severe
fuckwit,severe
fuckwitt,severe
fudge packer,severe
fudgepacker,severe
fuhrer,severe
fuk,severe
fuker,severe
fukin,severe
fukker,severe
fukkin,severe
fuks,severe
fukwhit,severe
fukwit,severe
fumpy,severe
furhrer,severe
furkin,severe
fux,severe
fux0r,severe
fuxcking,severe
fvcked,severe
fyou,severe
gag,severe
gangbang,severe
gangbanged,severe
gangbangs,severe
gangsters,severe
garbage,severe
gay,severe
gay-haters,severe
gayass,severe
gaybob,severe
gaydo,severe
gayfuck,severe
gayfuckist,severe
gayhaters,severe
gaylord,severe
gays,severe
gaysex,severe
gaytard,severe
gaywad,severe
gaza,severe
genitals,severe
genocidal,severe
genocide,severe
gluttons,severe
goatse,severe
god-dam,severe
god-damned,severe
goddammit,severe
goddamn,severe
goddamned,severe
goddamnit,severe
goldigger,severe
gomer,severe
gooch,severe
goof,severe
goofball,severe
goofiest,severe
goofs,severe
goofy,severe
gook,severe
goon,severe
gosh-darned,severe
goshdarned,severe
gra,severe
greenies,severe
grifter,severe
grifters,severe
gringo,severe
gross,severe
grumpy,severe
guido,severe
h-o-l-e,severe
hag,severe
hags,severe
hairy,severe
handjob,severe
hard on,severe
hardcoresex,severe
hate-filled,severe
hate-on,severe
hatefilled,severe
hateful,severe
hateon,severe
hating,severe
headless,severe
hed,severe
heeb,severe
heinous,severe
hell,severe
hellholes,severe
hermit,severe
heroin,severe
heshe,severe
highs,severe
hippies,severe
hit-man,severe
hitler,severe
ho,severe
hoar,severe
hoarders,severe
hoare,severe
hoe,severe
hoer,severe
hog,severe
hogs,severe
homo,severe
homodumbshit,severe
homophobe,severe
homophobic,severe
homosexual,severe
homosexualists,severe
homosexuals,severe
honkey,severe
hooker,severe
hookers,severe
hopeless,severe
hore,severe
horniest,severe
horny,severe
horrific,severe
horrified,severe
horseshit,severe
hotsex,severe
humbug,severe
humping,severe
hypocrats,severe
hypocrisy,severe
hypocrite,severe
hypocrites,severe
hypocritica,severe
hypocritical,severe
hypocrits,severe
i*d*i*o*t*s,severe
ickers,severe
icky,severe
idiocies,severe
idiocracy,severe
idiocy,severe
idiot,severe
idiot s,severe
idiot's,severe
idiota,severe
idioters,severe
idiotic,severe
idiototic,severe
idiotphobe,severe
idiots,severe
idiots',severe
ignoramous,severe
ignoramu,severe
ignoramus,severe
ignoranc,severe
ignorance,severe
ignorant,severe
ill,severe
ill-mannered,severe
ill-prepared,severe
illegals,severe
illiterate,severe
illiterates,severe
illmannered,severe
illogic,severe
illprepared,severe
imbecile,severe
imbeciles,severe
imbecilic,severe
immature,severe
immoral,severe
immorality,severe
impostor,severe
inane,severe
incest,severe
incompetence,severe
incompetent,severe
incompetents,severe
incurables,severe
inept,severe
infantile,severe
inferior,severe
infidels,severe
infiltrator,severe
insan,severe
insane,severe
insanity,severe
insecure,severe
insidiously,severe
insolent,severe
invader,severe
invaders,severe
invading,severe
invasion,severe
irrational,severe
isis,severe
isl,severe
islamaphobe,severe
islamaphobeliar,severe
islamic,severe
islamists,severe
islamophobe,severe
islamophobia,severe
jack***,severe
jack-off,severe
jacka**,severe
jackass,severe
jackasses,severe
jackoff,severe
jagoff,severe
jan,severe
janusfaced,severe
jap,severe
jerk,severe
jerk off,severe
jerk-off,severe
jerkass,severe
jerkoffs,severe
jerks,severe
jigaboo,severe
jingoistic,severe
jism,severe
jiz,severe
jizm,severe
jizz,severe
jungle bunny,severe
junglebunny,severe
junk,severe
junky,severe
kawk,severe
kick,severe
kicked,severe
kickin,severe
kicking,severe
kickpunch,severe
kicks,severe
kickthem,severe
kidnap,severe
kidnappers,severe
kike,severe
kill,severe
killable,severe
killer,severe
killers,severe
killing,severe
killings,severe
kills,severe
kkk,severe
klan,severe
knave,severe
knifed,severe
knob,severe
knob end,severe
knobead,severe
knobed,severe
knobend,severe
knobhead,severe
knobjocky,severe
knobjokey,severe
know-it-alls,severe
knowitalls,severe
knuckdraggers,severe
knucklehead,severe
knuckleheads,severe
kock,severe
kondum,severe
kondums,severe
kooch,severe
kook,severe
kootch,severe
kraut,severe
ku-ku-klowns,severe
kukuklowns,severe
kum,severe
kummer,severe
kumming,severe
kums,severe
kunilingus,severe
kunt,severe
kyke,severe
l,severe
l3i+ch,severe
l3itch,severe
labia,severe
lackeys,severe
lame,severe
lameass,severe
lapdog,severe
lardass,severe
laughable,severe
laziness,severe
lazy,severe
leeches,severe
lefties,severe
leftist,severe
leftists,severe
lesbian,severe
lesbians,severe
lesbo,severe
lezzie,severe
liar,severe
liars,severe
libbies,severe
libtards,severe
lickers,severe
licking,severe
licks,severe
liespropag,severe
lmao,severe
lmfao,severe
loathsome,severe
lon,severe
lone,severe
loon,severe
looney,severe
loonies,severe
loony,severe
looooooosers,severe
looser,severe
loosers,severe
loozers,severe
loser,severe
loser5,severe
losers,severe
loudmouth,severe
lousy,severe
low-iq,severe
lowiq,severe
lowlife,severe
loyalists,severe
lucife,severe
lucifer,severe
ludicrous,severe
ludicrously,severe
lunatic,severe
lunatics,severe
lust,severe
lusting,severe
lying,severe
m0f0,severe
m0fo,severe
m45terbate,severe
ma5terb8,severe
ma5terbate,severe
machiavellian,severe
mad,severe
madmen,severe
madness,severe
mafia,severe
maggots,severe
maimed,severe
maladroit,severe
malignant,severe
mamparas,severe
man-boy,severe
manbearpig,severe
manboy,severe
manchild,severe
maniacal,severe
maniacs,severe
manipulating,severe
manure,severe
masochist,severe
mass-murdering,severe
massacre,severe
massmurdering,severe
master-bate,severe
masterb8,severe
masterbat*,severe
masterbat3,severe
masterbate,severe
masterbation,severe
masterbations,severe
masturbate,severe
masturbation,severe
mcfagget,severe
mean-spirited,severe
mean-spiritedness,severe
meanspirited,severe
meanspiritedness,severe
mediocre,severe
mediocrity,severe
mental,severe
mentally,severe
messed,severe
meterosexual,severe
meth,severe
methhead,severe
mick,severe
midget,severe
midgets,severe
mierda,severe
milksop,severe
minder,severe
mindless,severe
minge,severe
miserable,severe
miserably,severe
misogynic,severe
misogynist,severe
misogynistic,severe
misogynists,severe
mitch,severe
mo-fo,severe
mof0,severe
mofo,severe
molested,severe
molesters,severe
momans,severe
monster,severe
monsters,severe
moochers,severe
moron,severe
moron's,severe
moronic,severe
morons,severe
mothafuck,severe
mothafucka,severe
mothafuckas,severe
mothafuckaz,severe
mothafucked,severe
mothafucker,severe
mothafuckers,severe
mothafuckin,severe
mothafuckin\',severe
mothafucking,severe
mothafuckings,severe
mothafucks,severe
mother fucker,severe
motherfuck,severe
motherfucked,severe
motherfucker,severe
motherfuckers,severe
motherfuckin,severe
motherfucking,severe
motherfuckings,severe
motherfuckka,severe
motherfucks,severe
mouthbreathing,severe
mudered,severe
muff,severe
muffdiver,severe
muffed,severe
munging,severe
murder,severe
murdered,severe
murderer,severe
murderers,severe
murdering,severe
murders,severe
muslim,severe
muslimists,severe
muslims,severe
mutha,severe
muthafecker,severe
muthafuckker,severe
muther,severe
mutherfucker,severe
mysogynistic,severe
n1gga,severe
n1gger,severe
naked,severe
narcisist,severe
narcissism,severe
narcissist,severe
narcissistic,severe
narcissists,severe
nards,severe
narrow-minded,severe
narrowminded,severe
nastiest,severe
nasty,severe
nauseating,severe
nazi,severe
nazi-like,severe
naziand,severe
nazilike,severe
nazis,severe
neanderthals,severe
negligence,severe
negligent,severe
negro,severe
neo-nazis,severe
neonazis,severe
neutered,severe
nigaboo,severe
niger,severe
nigers,severe
nigg3r,severe
nigg4h,severe
nigga,severe
niggah,severe
niggardly,severe
niggas,severe
niggaz,severe
nigger,severe
niggers,severe
niglet,severe
nincompoop,severe
nipples,severe
nitwit,severe
nob,severe
nob jokey,severe
nobhead,severe
nobjocky,severe
nobjokey,severe
numb-nuts,severe
numbnuts,severe
numbskull,severe
nut,severe
nut sack,severe
nutcase,severe
nutjob,severe
nutjobs,severe
nuts,severe
nutsack,severe
nutter,severe
nutters,severe
nutty,severe
oafish,severe
obnoxious,severe
obtuse,severe
octopussy,severe
odious,severe
offender,severe
offenders,severe
omg,severe
opportunist,severe
opportunistic,severe
opportunists,severe
oppresser,severe
oppressive,severe
oral,severe
orgasim,severe
orgasims,severe
orgasm,severe
orgasms,severe
orgy,severe
ovaries,severe
p****,severe
p****ies,severe
p***y,severe
p*ssies,severe
p*ssy,severe
p0rn,severe
paf,severe
paki,severe
panooch,severe
panties,severe
paranoid,severe
parasite,severe
parasites,severe
parasitic,severe
passive-aggresive,severe
passiveaggresive,severe
patheti,severe
pathetic,severe
pathetically,severe
pawn,severe
peanuthead,severe
pecker,severe
peckerhead,severe
pedo,severe
pedophile,severe
pedophiles,severe
pedophilia,severe
pee,severe
pegged,severe
pendejo,severe
penetrated,severe
penetrates,severe
penetrating,severe
penis,severe
penis-extension,severe
penisbanger,severe
penisextension,severe
penisfucker,severe
penispuffer,severe
peo,severe
perjurs,severe
perpetrators,severe
pervert,severe
perverted,severe
perverts,severe
pesky,severe
petulance,severe
petulant,severe
petullent,severe
phonesex,severe
phony,severe
phuck,severe
phuk,severe
phuked,severe
phuking,severe
phukked,severe
phukking,severe
phuks,severe
phuq,severe
pig,severe
pig-headed,severe
pigfucker,severe
piggish,severe
pigheaded,severe
piglets,severe
pigs,severe
pimpis,severe
pinocchio,severe
piss,severe
pissed,severe
pissed off,severe
pisser,severe
pissers,severe
pisses,severe
pissflaps,severe
pissin,severe
pissing,severe
pissoff,severe
polesmoker,severe
pollock,severe
pompas,severe
pompous,severe
poo,severe
poof,severe
poon,severe
poonani,severe
poonany,severe
poontang,severe
poop,severe
poopy,severe
porch monkey,severe
porchmonkey,severe
porn,severe
porno,severe
pornography,severe
pornos,severe
potheads,severe
potty,severe
predator,severe
predators,severe
pretentious,severe
prick,severe
pricks,severe
primitive,severe
pron,severe
prostitute,severe
prostitutes,severe
prostitution,severe
pseudo-human,severe
pseudohuman,severe
psycho,severe
psycho-killers,severe
psychokillers,severe
psychopath,severe
psychopaths,severe
psychotic,severe
pu*ssy,severe
pube,severe
pucker,severe
puke,severe
puking,severe
punanny,severe
punch,severe
punched,severe
punk,severe
punks,severe
punta,severe
puppet,severe
puppets,severe
purp,severe
pusse,severe
pussi,severe
pussies,severe
pusssy,severe
pussy,severe
pussy-grabbing,severe
pussygrabbing,severe
pussyh,severe
pussylicking,severe
pussys,severe
puto,severe
putrid,severe
queef,severe
queer,severe
queerbait,severe
queerhole,severe
rabid,severe
rabidly,severe
racis,severe
racism,severe
racist,severe
racists,severe
radicals,severe
rancid,severe
rape,severe
raped,severe
rapes,severe
raping,severe
rapist,severe
rapist-in-chief,severe
rapistinchief,severe
rapists,severe
rat,severe
rat's,severe
rathole,severe
rats,severe
raving,severe
rear,severe
rectum,severe
redenbacher,severe
rediculous,severe
redneck,severe
reek,severe
reich,severe
reichwing,severe
religious-hypocrite,severe
religioushypocrite,severe
renob,severe
reproduce,severe
reptilian,severe
repugnant,severe
repulsive,severe
retard,severe
retarded,severe
retards,severe
ridicule,severe
ridiculou,severe
ridiculous,severe
ridiculously,severe
ridiculousness,severe
rimjaw,severe
rimjob,severe
rimming,severe
robbed,severe
robs,severe
rooskies,severe
rot,severe
rotten,severe
rubbish,severe
ruining,severe
ruski,severe
s hit,severe
s***,severe
s**t,severe
s.o.b.,severe
s_h_i_t,severe
sabotage,severe
sack,severe
sacks,severe
sadist,severe
sanctimonious,severe
sand nigger,severe
sandnigger,severe
satan,severe
satan's,severe
scammers,severe
scams,severe
schill,severe
schlong,severe
schmuck,severe
schmucks,severe
schumucks,severe
scks,severe
scoundrel,severe
screw,severe
screwed,severe
screwing,severe
scroat,severe
scrote,severe
scrotum,severe
scrub,severe
scu,severe
scum,severe
scum-sucking,severe
scumbag,severe
scumbags,severe
scummy,severe
scumsucking,severe
sed,severe
self-fornication,severe
self-loving,severe
self-satisfied,severe
selffornication,severe
selfish,severe
selfloving,severe
selfsatisfied,severe
semen,severe
senile,severe
sex,severe
sexism,severe
sexist,severe
sexists,severe
sexual,severe
sh!+,severe
sh!t,severe
sh**,severe
sh**load,severe
sh*t,severe
sh1t,severe
shag,severe
shagger,severe
shaggin,severe
shagging,severe
sham,severe
shameless,severe
sheeps,severe
shemale,severe
shi*ty,severe
shi+,severe
shifty,severe
shills,severe
shit,severe
shit-heads,severe
shitass,severe
shitbag,severe
shitbagger,severe
shitbrains,severe
shitbreath,severe
shitcanned,severe
shitcunt,severe
shitdick,severe
shite,severe
shited,severe
shitey,severe
shitface,severe
shitfaced,severe
shitfuck,severe
shitfull,severe
shithead,severe
shitheads,severe
shithole,severe
shithouse,severe
shiting,severe
shitings,severe
shits,severe
shitspitter,severe
shitstain,severe
shitted,severe
shitter,severe
shitters,severe
shittiest,severe
shitting,severe
shittings,severe
shitty,severe
shiz,severe
shiznit,severe
shoot,severe
shooter,severe
shootings,severe
shootout,severe
shoots,severe
shove,severe
shpremes,severe
sht,severe
sick,severe
sickening,severe
sickest,severe
sickly,severe
sicko,severe
sickos,severe
sillie,severe
silliness,severe
silly,severe
simpleton,severe
sissy,severe
skank,severe
skeet,severe
skinheads,severe
skinned,severe
skullfuck,severe
slap,severe
slave,severe
sleaze,severe
sleazebag,severe
sleazy,severe
slug,severe
slugs,severe
slut,severe
slutbag,severe
sluts,severe
small-minded,severe
smallminded,severe
smeg,severe
smegma,severe
smells,severe
smelly,severe
smucks,severe
smut,severe
snake,severe
snakes,severe
snatch,severe
snot,severe
snowflake,severe
snowflakes,severe
sobs,severe
socio-pathic,severe
sociopath,severe
sociopathic,severe
sociopaths,severe
son-of-a-bitch,severe
sore-loser,severe
soreloser,severe
spac,severe
spewed,severe
spic,severe
spick,severe
spineless,severe
splooge,severe
spook,severe
spout,severe
spouting,severe
spouts,severe
spunk,severe
spurt,severe
squirt,severe
stabs,severe
stalker,severe
stank,severe
std,severe
steal,severe
steals,severe
stench,severe
stewpid,severe
stfu,severe
stink,severe
stinker,severe
stinking,severe
stinks,severe
stinky,severe
stone-stupid,severe
stoned,severe
stonestupid,severe
stooges,severe
stooooopid,severe
strangle,severe
strippers,severe
stupdity,severe
stupi,severe
stupib,severe
stupid,severe
stupida,severe
stupider,severe
stupidest,severe
stupidestpresidentever,severe
stupidfat,severe
stupididty,severe
stupidiest,severe
stupidiity,severe
stupidis,severe
stupidism,severe
stupidit's,severe
stupidity,severe
stupiditywhy,severe
stupidly,severe
stupids,severe
stupidselfish,severe
succcccccccccccccckkkkkk,severe
suck,severe
suckass,severe
sucked,severe
suckees,severe
sucker,severe
suckered,severe
suckers,severe
suckin,severe
sucking,severe
sucks,severe
sucky,severe
suffer,severe
suicide,severe
supremacist,severe
supremacists,severe
swine,severe
sycophant,severe
sycophantic,severe
sycophants,severe
t1tt1e5,severe
t1tties,severe
tard,severe
teats,severe
teets,severe
teez,severe
terrible,severe
terribly,severe
terrorist,severe
terrorists,severe
terrorize,severe
terrorizing,severe
testical,severe
testicle,severe
testicles,severe
testicules,severe
thief,severe
thieves,severe
thieving,severe
thin-skinned,severe
thinskinned,severe
thoughtless,severe
threatened,severe
threats,severe
thug,severe
thugs,severe
thundercunt,severe
tit,severe
tit-sucking,severe
titfuck,severe
tits,severe
titsucking,severe
titt,severe
tittie5,severe
tittiefucker,severe
titties,severe
tittyfuck,severe
tittywank,severe
titwank,severe
tonto,severe
torment,severe
torture,severe
tosser,severe
traitor,severe
traitorous,severe
tramp,severe
tran,severe
trannies,severe
trans,severe
transgender,severe
transgenders,severe
transvestite,severe
trappers,severe
trash,severe
trash-talk,severe
trashtalk,severe
treacherous,severe
treasonous,severe
trickster,severe
tripe,severe
trol,severe
troll,severe
trolls,severe
trump-as-useful-idiot,severe
trump-humpers,severe
trump-suckers,severe
trumpasusefulidiot,severe
trumpean,severe
trumphumpers,severe
trumpkin,severe
trumplers,severe
trumplodites,severe
trumpster,severe
trumpster's,severe
trumpsters,severe
trumpsuckers,severe
tupid,severe
turd,severe
tw4t,severe
twaddle,severe
twat,severe
twathead,severe
twatlips,severe
twats,severe
twatty,severe
twatwaffle,severe
twerps,severe
twit,severe
two-faces,severe
twofaced,severe
twunt,severe
twunter,severe
tyrant,severe
uck,severe
ugly,severe
un-deserving,severe
un-educatedoops,severe
un-smart,severe
unapologetic,severe
unappealing,severe
uncaring,severe
unclefucker,severe
undependable,severe
underhand,severe
undeserving,severe
uneducated,severe
unethical,severe
unfaithful,severe
ungrateful,severe
uninformed,severe
unintelligent,severe
unpatriotic,severe
unpayable,severe
unpopular,severe
unrational,severe
unredemptive,severe
unruly,severe
unscrupulous,severe
unsmart,severe
unstable,severe
untermensch,severe
unthank,severe
unthinking,severe
untruthful,severe
unwashed,severe
unwelcome,severe
urine,severe
useles,severe
useless,severe
v14gra,severe
v1gra,severe
va-j-j,severe
vacuous,severe
vag,severe
vagabond,severe
vagina,severe
vagrancy,severe
vajayjay,severe
vandalize,severe
vanity,severe
vapidity,severe
vengeful,severe
vermin,severe
viagra,severe
vicious,severe
viciously,severe
vile,severe
vixen,severe
vjayjay,severe
voetsek,severe
vomit,severe
vultures,severe
vulva,severe
w00se,severe
wacko,severe
wackos,severe
wang,severe
wank,severe
wanker,severe
wankjob,severe
wanky,severe
warmongers,severe
weak,severe
weasel,severe
weenie,severe
weird,severe
weirdo,severe
wetback,severe
whack,severe
whackjob,severe
whacko,severe
whiner,severe
whiners,severe
whinny,severe
whiny,severe
white-trash,severe
whitefragilitycankissmyass,severe
whitetrash,severe
whiteys,severe
whoar,severe
whore,severe
whorebag,severe
whoreface,severe
whores,severe
whres,severe
willies,severe
willy,severe
wimp,severe
wimpy,severe
witch,severe
witless,severe
woman-hating,severe
womanhating,severe
wop,severe
workshy,severe
worthless,severe
wretched,severe
wtf,severe
wwiii,severe
xenophobe,severe
xenophobes,severe
xenophobia,severe
xenophobic,severe
xrated,severe
xxx,severe
yada,severe
yates,severe
yuck,severe
zealot,severe
zealots,severe
zombies,severe
abuse,moderate
abusive,moderate
assault,moderate
catastrophe,moderate
catastrophic,moderate
crime,moderate
dead,moderate
death,moderate
disgust,moderate
disgusting,moderate
hate,moderate
hated,moderate
hateful,moderate
kill,moderate
killed,moderate
killer,moderate
killing,moderate
murder,moderate
murderer,moderate
murderous,moderate
2-faced,mild
2-faces,mild
abnormal,mild
abolish,mild
abominable,mild
abominably,mild
abominate,mild
abomination,mild
abort,mild
aborted,mild
aborts,mild
abrade,mild
abrasive,mild
abrupt,mild
abruptly,mild
abscond,mild
absence,mild
absent-minded,mild
absentee,mild
absurd,mild
absurdity,mild
absurdly,mild
absurdness,mild
abused,mild
abuses,mild
abysmal,mild
abysmally,mild
abyss,mild
accidental,mild
accost,mild
accursed,mild
accusation,mild
accusations,mild
accuse,mild
accuses,mild
accusing,mild
accusingly,mild
acerbate,mild
acerbic,mild
acerbically,mild
ache,mild
ached,mild
aches,mild
achey,mild
aching,mild
acrid,mild
acridly,mild
acridness,mild
acrimonious,mild
acrimoniously,mild
acrimony,mild
adamant,mild
adamantly,mild
addict,mild
addicted,mild
addicting,mild
addicts,mild
admonish,mild
admonisher,mild
admonishingly,mild
admonishment,mild
admonition,mild
adulterate,mild
adulterated,mild
adulteration,mild
adulterier,mild
adversarial,mild
adversary,mild
adverse,mild
adversity,mild
afflict,mild
affliction,mild
afflictive,mild
affront,mild
afraid,mild
aggravate,mild
aggravating,mild
aggravation,mild
aggression,mild
aggressive,mild
aggressiveness,mild
aggressor,mild
aggrieve,mild
aggrieved,mild
aggrivation,mild
aghast,mild
agonies,mild
agonize,mild
agonizing,mild
agonizingly,mild
agony,mild
aground,mild
ail,mild
ailing,mild
ailment,mild
aimless,mild
alarm,mild
alarmed,mild
alarming,mild
alarmingly,mild
alienate,mild
alienated,mild
alienation,mild
allegation,mild
allegations,mild
allege,mild
allergic,mild
allergies,mild
allergy,mild
aloof,mild
altercation,mild
ambiguity,mild
ambiguous,mild
ambivalence,mild
ambivalent,mild
ambush,mild
amiss,mild
amputate,mild
anarchism,mild
anarchist,mild
anarchistic,mild
anarchy,mild
anemic,mild
anger,mild
angrily,mild
angriness,mild
angry,mild
anguish,mild
animosity,mild
annihilate,mild
annihilation,mild
annoy,mild
annoyance,mild
annoyances,mild
annoyed,mild
annoying,mild
annoyingly,mild
annoys,mild
anomalous,mild
anomaly,mild
antagonism,mild
antagonist,mild
antagonistic,mild
antagonize,mild
anti-,mild
anti-american,mild
anti-israeli,mild
anti-occupation,mild
anti-proliferation,mild
anti-semites,mild
anti-social,mild
anti-us,mild
anti-white,mild
antipathy,mild
antiquated,mild
antithetical,mild
anxieties,mild
anxiety,mild
anxious,mild
anxiously,mild
anxiousness,mild
apathetic,mild
apathetically,mild
apathy,mild
apocalypse,mild
apocalyptic,mild
apologist,mild
apologists,mild
appal,mild
appall,mild
appalled,mild
appalling,mild
appallingly,mild
apprehension,mild
apprehensions,mild
apprehensive,mild
apprehensively,mild
arbitrary,mild
arcane,mild
archaic,mild
arduous,mild
arduously,mild
argumentative,mild
arrogance,mild
arrogant,mild
arrogantly,mild
ashamed,mild
asinine,mild
asininely,mild
asinininity,mild
askance,mild
asperse,mild
aspersion,mild
aspersions,mild
assail,mild
assassin,mild
assassinate,mild
assult,mild
astray,mild
asunder,mild
atrocious,mild
atrocities,mild
atrocity,mild
atrophy,mild
attack,mild
attacks,mild
audacious,mild
audaciously,mild
audaciousness,mild
audacity,mild
audiciously,mild
austere,mild
authoritarian,mild
autocrat,mild
autocratic,mild
avalanche,mild
avarice,mild
avaricious,mild
avariciously,mild
avenge,mild
averse,mild
aversion,mild
aweful,mild
awful,mild
awfully,mild
awfulness,mild
awkward,mild
awkwardness,mild
ax,mild
babble,mild
back-logged,mild
back-wood,mild
back-woods,mild
backache,mild
backaches,mild
backaching,mild
backbite,mild
backbiting,mild
backward,mild
backwardness,mild
backwood,mild
backwoods,mild
bad,mild
badly,mild
baffle,mild
baffled,mild
bafflement,mild
baffling,mild
bait,mild
balk,mild
banal,mild
banalize,mild
bane,mild
banish,mild
banishment,mild
bankrupt,mild
barbarian,mild
barbaric,mild
barbarically,mild
barbarity,mild
barbarous,mild
barbarously,mild
barren,mild
baseless,mild
bash,mild
bashed,mild
bashful,mild
bashing,mild
bastard,mild
bastards,mild
battered,mild
battering,mild
batty,mild
bearish,mild
beastly,mild
bedlam,mild
bedlamite,mild
befoul,mild
beg,mild
beggar,mild
beggarly,mild
begging,mild
beguile,mild
belabor,mild
belated,mild
beleaguer,mild
belie,mild
belittle,mild
belittled,mild
belittling,mild
bellicose,mild
belligerence,mild
belligerent,mild
belligerently,mild
bemoan,mild
bemoaning,mild
bemused,mild
bent,mild
berate,mild
bereave,mild
bereavement,mild
bereft,mild
berserk,mild
beseech,mild
beset,mild
besiege,mild
besmirch,mild
bestial,mild
betray,mild
betrayal,mild
betrayals,mild
betrayer,mild
betraying,mild
betrays,mild
bewail,mild
beware,mild
bewilder,mild
bewildered,mild
bewildering,mild
bewilderingly,mild
bewilderment,mild
bewitch,mild
bias,mild
biased,mild
biases,mild
bicker,mild
bickering,mild
bid-rigging,mild
bigotries,mild
bigotry,mild
bitch,mild
bitchy,mild
biting,mild
bitingly,mild
bitter,mild
bitterly,mild
bitterness,mild
bizarre,mild
blab,mild
blabber,mild
blackmail,mild
blah,mild
blame,mild
blameworthy,mild
bland,mild
blandish,mild
blaspheme,mild
blasphemous,mild
blasphemy,mild
blasted,mild
blatant,mild
blatantly,mild
blather,mild
bleak,mild
bleakly,mild
bleakness,mild
bleed,mild
bleeding,mild
bleeds,mild
blemish,mild
blind,mild
blinding,mild
blindingly,mild
blindside,mild
blister,mild
blistering,mild
bloated,mild
blockage,mild
blockhead,mild
bloodshed,mild
bloodthirsty,mild
bloody,mild
blotchy,mild
blow,mild
blunder,mild
blundering,mild
blunders,mild
blunt,mild
blur,mild
bluring,mild
blurred,mild
blurring,mild
blurry,mild
blurs,mild
blurt,mild
boastful,mild
boggle,mild
bogus,mild
boil,mild
boiling,mild
boisterous,mild
bomb,mild
bombard,mild
bombardment,mild
bombastic,mild
bondage,mild
bonkers,mild
bore,mild
bored,mild
boredom,mild
bores,mild
boring,mild
botch,mild
bother,mild
bothered,mild
bothering,mild
bothers,mild
bothersome,mild
bowdlerize,mild
boycott,mild
braggart,mild
bragger,mild
brainless,mild
brainwash,mild
brash,mild
brashly,mild
brashness,mild
brat,mild
bravado,mild
brazen,mild
brazenly,mild
brazenness,mild
breach,mild
break,mild
break-up,mild
break-ups,mild
breakdown,mild
breaking,mild
breaks,mild
breakup,mild
breakups,mild
bribery,mild
brimstone,mild
bristle,mild
brittle,mild
broke,mild
broken,mild
broken-hearted,mild
brood,mild
browbeat,mild
bruise,mild
bruised,mild
bruises,mild
bruising,mild
brusque,mild
brutal,mild
brutalising,mild
brutalities,mild
brutality,mild
brutalize,mild
brutalizing,mild
brutally,mild
brute,mild
brutish,mild
bs,mild
buckle,mild
bug,mild
bugging,mild
buggy,mild
bugs,mild
bulkier,mild
bulkiness,mild
bulky,mild
bulkyness,mild
bull****,mild
bull----,mild
bullies,mild
bullshit,mild
bullshyt,mild
bully,mild
bullying,mild
bullyingly,mild
bum,mild
bump,mild
bumped,mild
bumping,mild
bumpping,mild
bumps,mild
bumpy,mild
bungle,mild
bungler,mild
bungling,mild
bunk,mild
burden,mild
burdensome,mild
burdensomely,mild
burn,mild
burned,mild
burning,mild
burns,mild
bust,mild
busts,mild
busybody,mild
butcher,mild
butchery,mild
buzzing,mild
byzantine,mild
cackle,mild
calamities,mild
calamitous,mild
calamitously,mild
calamity,mild
callous,mild
calumniate,mild
calumniation,mild
calumnies,mild
calumnious,mild
calumniously,mild
calumny,mild
cancer,mild
cancerous,mild
cannibal,mild
cannibalize,mild
capitulate,mild
capricious,mild
capriciously,mild
capriciousness,mild
capsize,mild
careless,mild
carelessness,mild
caricature,mild
carnage,mild
carp,mild
cartoonish,mild
cash-strapped,mild
castigate,mild
castrated,mild
casualty,mild
cataclysm,mild
cataclysmal,mild
cataclysmic,mild
cataclysmically,mild
catastrophes,mild
catastrophically,mild
catastrophies,mild
caustic,mild
caustically,mild
cautionary,mild
cave,mild
censure,mild
chafe,mild
chaff,mild
chagrin,mild
challenging,mild
chaos,mild
chaotic,mild
chasten,mild
chastise,mild
chastisement,mild
chatter,mild
chatterbox,mild
cheap,mild
cheapen,mild
cheaply,mild
cheat,mild
cheated,mild
cheater,mild
cheating,mild
cheats,mild
checkered,mild
cheerless,mild
cheesy,mild
chide,mild
childish,mild
chill,mild
chilly,mild
chintzy,mild
choke,mild
choleric,mild
choppy,mild
chore,mild
chronic,mild
chunky,mild
clamor,mild
clamorous,mild
clash,mild
cliche,mild
cliched,mild
clique,mild
clog,mild
clogged,mild
clogs,mild
cloud,mild
clouding,mild
cloudy,mild
clueless,mild
clumsy,mild
clunky,mild
coarse,mild
cocky,mild
coerce,mild
coercion,mild
coercive,mild
cold,mild
coldly,mild
collapse,mild
collude,mild
collusion,mild
combative,mild
combust,mild
comical,mild
commiserate,mild
commonplace,mild
commotion,mild
commotions,mild
complacent,mild
complain,mild
complained,mild
complaining,mild
complains,mild
complaint,mild
complaints,mild
complex,mild
complicated,mild
complication,mild
complicit,mild
compulsion,mild
compulsive,mild
concede,mild
conceded,mild
conceit,mild
conceited,mild
concen,mild
concens,mild
concern,mild
concerned,mild
concerns,mild
concession,mild
concessions,mild
condemn,mild
condemnable,mild
condemnation,mild
condemned,mild
condemns,mild
condescend,mild
condescending,mild
condescendingly,mild
condescension,mild
confess,mild
confession,mild
confessions,mild
confined,mild
conflict,mild
conflicted,mild
conflicting,mild
conflicts,mild
confound,mild
confounded,mild
confounding,mild
confront,mild
confrontation,mild
confrontational,mild
confuse,mild
confused,mild
confuses,mild
confusing,mild
confusion,mild
confusions,mild
congested,mild
congestion,mild
cons,mild
conscons,mild
conservative,mild
conspicuous,mild
conspicuously,mild
conspiracies,mild
conspiracy,mild
conspirator,mild
conspiratorial,mild
conspire,mild
consternation,mild
contagious,mild
contaminate,mild
contaminated,mild
contaminates,mild
contaminating,mild
contamination,mild
contempt,mild
contemptible,mild
contemptuous,mild
contemptuously,mild
contend,mild
contention,mild
contentious,mild
contort,mild
contortions,mild
contradict,mild
contradiction,mild
contradictory,mild
contrariness,mild
contravene,mild
contrive,mild
contrived,mild
controversial,mild
controversy,mild
convoluted,mild
corrode,mild
corrosion,mild
corrosions,mild
corrosive,mild
corrupt,mild
corrupted,mild
corrupting,mild
corruption,mild
corrupts,mild
corruptted,mild
costlier,mild
costly,mild
counter-productive,mild
counterproductive,mild
coupists,mild
covetous,mild
coward,mild
cowardly,mild
crabby,mild
crack,mild
cracked,mild
cracks,mild
craftily,mild
craftly,mild
crafty,mild
cramp,mild
cramped,mild
cramping,mild
cranky,mild
crap,mild
crappy,mild
craps,mild
crash,mild
crashed,mild
crashes,mild
crashing,mild
crass,mild
craven,mild
cravenly,mild
craze,mild
crazily,mild
craziness,mild
crazy,mild
creak,mild
creaking,mild
creaks,mild
credulous,mild
creep,mild
creeping,mild
creeps,mild
creepy,mild
crept,mild
criminal,mild
cringe,mild
cringed,mild
cringes,mild
cripple,mild
crippled,mild
cripples,mild
crippling,mild
crisis,mild
critic,mild
critical,mild
criticism,mild
criticisms,mild
criticize,mild
criticized,mild
criticizing,mild
critics,mild
cronyism,mild
crook,mild
crooked,mild
crooks,mild
crowded,mild
crowdedness,mild
crude,mild
cruel,mild
crueler,mild
cruelest,mild
cruelly,mild
cruelness,mild
cruelties,mild
cruelty,mild
crumble,mild
crumbling,mild
crummy,mild
crumple,mild
crumpled,mild
crumples,mild
crush,mild
crushed,mild
crushing,mild
cry,mild
culpable,mild
culprit,mild
cumbersome,mild
cunt,mild
cunts,mild
cuplrit,mild
curse,mild
cursed,mild
curses,mild
curt,mild
cuss,mild
cussed,mild
cutthroat,mild
cynical,mild
cynicism,mild
d*mn,mild
damage,mild
damaged,mild
damages,mild
damaging,mild
damn,mild
damnable,mild
damnably,mild
damnation,mild
damned,mild
damning,mild
damper,mild
danger,mild
dangerous,mild
dangerousness,mild
dark,mild
darken,mild
darkened,mild
darker,mild
darkness,mild
dastard,mild
dastardly,mild
daunt,mild
daunting,mild
dauntingly,mild
dawdle,mild
daze,mild
dazed,mild
deadbeat,mild
deadlock,mild
deadly,mild
deadweight,mild
deaf,mild
dearth,mild
debacle,mild
debase,mild
debasement,mild
debaser,mild
debatable,mild
debauch,mild
debaucher,mild
debauchery,mild
debilitate,mild
debilitating,mild
debility,mild
debt,mild
debts,mild
decadence,mild
decadent,mild
decay,mild
decayed,mild
deceit,mild
deceitful,mild
deceitfully,mild
deceitfulness,mild
deceive,mild
deceiver,mild
deceivers,mild
deceiving,mild
deception,mild
deceptive,mild
deceptively,mild
declaim,mild
decline,mild
declines,mild
declining,mild
decrement,mild
decrepit,mild
decrepitude,mild
decry,mild
defamation,mild
defamations,mild
defamatory,mild
defame,mild
defect,mild
defective,mild
defects,mild
defensive,mild
defiance,mild
defiant,mild
defiantly,mild
deficiencies,mild
deficiency,mild
deficient,mild
defile,mild
defiler,mild
deform,mild
deformed,mild
defrauding,mild
defunct,mild
defy,mild
degenerate,mild
degenerately,mild
degeneration,mild
degradation,mild
degrade,mild
degrading,mild
degradingly,mild
dehumanization,mild
dehumanize,mild
deign,mild
deject,mild
dejected,mild
dejectedly,mild
dejection,mild
delay,mild
delayed,mild
delaying,mild
delays,mild
delinquency,mild
delinquent,mild
delirious,mild
delirium,mild
delude,mild
deluded,mild
deluge,mild
delusion,mild
delusional,mild
delusions,mild
demean,mild
demeaning,mild
demise,mild
demolish,mild
demolisher,mild
demon,mild
demonic,mild
demonize,mild
demonized,mild
demonizes,mild
demonizing,mild
demoralize,mild
demoralizing,mild
demoralizingly,mild
denial,mild
denied,mild
denies,mild
denigrate,mild
denounce,mild
dense,mild
dent,mild
dented,mild
dents,mild
denunciate,mild
denunciation,mild
denunciations,mild
deny,mild
denying,mild
deplete,mild
deplorable,mild
deplorably,mild
deplore,mild
deploring,mild
deploringly,mild
deprave,mild
depraved,mild
depravedly,mild
deprecate,mild
depress,mild
depressed,mild
depressing,mild
depressingly,mild
depression,mild
depressions,mild
deprive,mild
deprived,mild
deride,mild
derision,mild
derisive,mild
derisively,mild
derisiveness,mild
derogatory,mild
desecrate,mild
desert,mild
desertion,mild
desiccate,mild
desiccated,mild
desititute,mild
desolate,mild
desolately,mild
desolation,mild
despair,mild
despairing,mild
despairingly,mild
desperate,mild
desperately,mild
desperation,mild
despicable,mild
despicably,mild
despise,mild
despised,mild
despoil,mild
despoiler,mild
despondence,mild
despondency,mild
despondent,mild
despondently,mild
despot,mild
despotic,mild
despotism,mild
destabilisation,mild
destains,mild
destitute,mild
destitution,mild
destroy,mild
destroyer,mild
destruction,mild
destructive,mild
desultory,mild
deter,mild
deteriorate,mild
deteriorating,mild
deterioration,mild
deterrent,mild
detest,mild
detestable,mild
detestably,mild
detested,mild
detesting,mild
detests,mild
detract,mild
detracted,mild
detracting,mild
detraction,mild
detracts,mild
detriment,mild
detrimental,mild
devastate,mild
devastated,mild
devastates,mild
devastating,mild
devastatingly,mild
devastation,mild
deviate,mild
deviation,mild
devil,mild
devilish,mild
devilishly,mild
devilment,mild
devilry,mild
devious,mild
deviously,mild
deviousness,mild
devoid,mild
diabolic,mild
diabolical,mild
diabolically,mild
diametrically,mild
diappointed,mild
diatribe,mild
diatribes,mild
dick,mild
dictator,mild
dictatorial,mild
die,mild
die-hard,mild
died,mild
dies,mild
difficult,mild
difficulties,mild
difficulty,mild
diffidence,mild
dilapidated,mild
dilemma,mild
dilly-dally,mild
dim,mild
dimmer,mild
din,mild
ding,mild
dings,mild
dinky,mild
dire,mild
direly,mild
direness,mild
dirt,mild
dirtbag,mild
dirtbags,mild
dirts,mild
dirty,mild
disable,mild
disabled,mild
disaccord,mild
disadvantage,mild
disadvantaged,mild
disadvantageous,mild
disadvantages,mild
disaffect,mild
disaffected,mild
disaffirm,mild
disagree,mild
disagreeable,mild
disagreeably,mild
disagreed,mild
disagreeing,mild
disagreement,mild
disagrees,mild
disallow,mild
disapointed,mild
disapointing,mild
disapointment,mild
disappoint,mild
disappointed,mild
disappointing,mild
disappointingly,mild
disappointment,mild
disappointments,mild
disappoints,mild
disapprobation,mild
disapproval,mild
disapprove,mild
disapproving,mild
disarm,mild
disarray,mild
disaster,mild
disasterous,mild
disastrous,mild
disastrously,mild
disavow,mild
disavowal,mild
disbelief,mild
disbelieve,mild
disbeliever,mild
disclaim,mild
discombobulate,mild
discomfit,mild
discomfititure,mild
discomfort,mild
discompose,mild
disconcert,mild
disconcerted,mild
disconcerting,mild
disconcertingly,mild
disconsolate,mild
disconsolately,mild
disconsolation,mild
discontent,mild
discontented,mild
discontentedly,mild
discontinued,mild
discontinuity,mild
discontinuous,mild
discord,mild
discordance,mild
discordant,mild
discountenance,mild
discourage,mild
discouragement,mild
discouraging,mild
discouragingly,mild
discourteous,mild
discourteously,mild
discoutinous,mild
discredit,mild
discrepant,mild
discriminate,mild
discrimination,mild
discriminatory,mild
disdain,mild
disdained,mild
disdainful,mild
disdainfully,mild
disfavor,mild
disgrace,mild
disgraced,mild
disgraceful,mild
disgracefully,mild
disgruntle,mild
disgruntled,mild
disgusted,mild
disgustedly,mild
disgustful,mild
disgustfully,mild
disgustingly,mild
dishearten,mild
disheartening,mild
dishearteningly,mild
dishonest,mild
dishonestly,mild
dishonesty,mild
dishonor,mild
dishonorable,mild
dishonorablely,mild
disillusion,mild
disillusioned,mild
disillusionment,mild
disillusions,mild
disinclination,mild
disinclined,mild
disingenuous,mild
disingenuously,mild
disintegrate,mild
disintegrated,mild
disintegrates,mild
disintegration,mild
disinterest,mild
disinterested,mild
dislike,mild
disliked,mild
dislikes,mild
disliking,mild
dislocated,mild
disloyal,mild
disloyalty,mild
dismal,mild
dismally,mild
dismalness,mild
dismay,mild
dismayed,mild
dismaying,mild
dismayingly,mild
dismissive,mild
dismissively,mild
disobedience,mild
disobedient,mild
disobey,mild
disoobedient,mild
disorder,mild
disordered,mild
disorderly,mild
disorganized,mild
disorient,mild
disoriented,mild
disown,mild
disparage,mild
disparaging,mild
disparagingly,mild
dispensable,mild
dispirit,mild
dispirited,mild
dispiritedly,mild
dispiriting,mild
displace,mild
displaced,mild
displease,mild
displeased,mild
displeasing,mild
displeasure,mild
disproportionate,mild
disprove,mild
disputable,mild
dispute,mild
disputed,mild
disquiet,mild
disquieting,mild
disquietingly,mild
disquietude,mild
disregard,mild
disregardful,mild
disreputable,mild
disrepute,mild
disrespect,mild
disrespectable,mild
disrespectablity,mild
disrespectful,mild
disrespectfully,mild
disrespectfulness,mild
disrespecting,mild
disrupt,mild
disruption,mild
disruptive,mild
diss,mild
dissapointed,mild
dissappointed,mild
dissappointing,mild
dissatisfaction,mild
dissatisfactory,mild
dissatisfied,mild
dissatisfies,mild
dissatisfy,mild
dissatisfying,mild
dissed,mild
dissemble,mild
dissembler,mild
dissension,mild
dissent,mild
dissenter,mild
dissention,mild
disservice,mild
disses,mild
dissidence,mild
dissident,mild
dissidents,mild
dissing,mild
dissocial,mild
dissolute,mild
dissolution,mild
dissonance,mild
dissonant,mild
dissonantly,mild
dissuade,mild
dissuasive,mild
distains,mild
distaste,mild
distasteful,mild
distastefully,mild
distort,mild
distorted,mild
distortion,mild
distorts,mild
distract,mild
distracting,mild
distraction,mild
distraught,mild
distraughtly,mild
distraughtness,mild
distress,mild
distressed,mild
distressing,mild
distressingly,mild
distrust,mild
distrustful,mild
distrusting,mild
disturb,mild
disturbance,mild
disturbed,mild
disturbing,mild
disturbingly,mild
disunity,mild
disvalue,mild
divergent,mild
divisive,mild
divisively,mild
divisiveness,mild
dizzing,mild
dizzingly,mild
dizzy,mild
doddering,mild
dodgey,mild
dogged,mild
doggedly,mild
dogmatic,mild
doldrums,mild
domineer,mild
domineering,mild
donside,mild
doom,mild
doomed,mild
doomsday,mild
dope,mild
doubt,mild
doubtful,mild
doubtfully,mild
doubts,mild
douchbag,mild
douchebag,mild
douchebags,mild
downbeat,mild
downcast,mild
downer,mild
downfall,mild
downfallen,mild
downgrade,mild
downhearted,mild
downheartedly,mild
downhill,mild
downside,mild
downsides,mild
downturn,mild
downturns,mild
drab,mild
draconian,mild
draconic,mild
drag,mild
dragged,mild
dragging,mild
dragoon,mild
drags,mild
drain,mild
drained,mild
draining,mild
drains,mild
drastic,mild
drastically,mild
drawback,mild
drawbacks,mild
dread,mild
dreadful,mild
dreadfully,mild
dreadfulness,mild
dreary,mild
dripped,mild
dripping,mild
drippy,mild
drips,mild
drones,mild
droop,mild
droops,mild
drop-out,mild
drop-outs,mild
dropout,mild
dropouts,mild
drought,mild
drowning,mild
drunk,mild
drunkard,mild
drunken,mild
dubious,mild
dubiously,mild
dubitable,mild
dud,mild
dull,mild
dullard,mild
dumb,mild
dumbfound,mild
dump,mild
dumped,mild
dumping,mild
dumps,mild
dunce,mild
dungeon,mild
dungeons,mild
dupe,mild
dust,mild
dusty,mild
dwindling,mild
dying,mild
earsplitting,mild
eccentric,mild
eccentricity,mild
effigy,mild
effrontery,mild
egocentric,mild
egomania,mild
egotism,mild
egotistical,mild
egotistically,mild
egregious,mild
egregiously,mild
election-rigger,mild
elimination,mild
emaciated,mild
emasculate,mild
embarrass,mild
embarrassing,mild
embarrassingly,mild
embarrassment,mild
embattled,mild
embroil,mild
embroiled,mild
embroilment,mild
emergency,mild
emphatic,mild
emphatically,mild
emptiness,mild
encroach,mild
encroachment,mild
endanger,mild
enemies,mild
enemy,mild
enervate,mild
enfeeble,mild
enflame,mild
engulf,mild
enjoin,mild
enmity,mild
enrage,mild
enraged,mild
enraging,mild
enslave,mild
entangle,mild
entanglement,mild
entrap,mild
entrapment,mild
envious,mild
enviously,mild
enviousness,mild
epidemic,mild
equivocal,mild
erase,mild
erode,mild
erodes,mild
erosion,mild
err,mild
errant,mild
erratic,mild
erratically,mild
erroneous,mild
erroneously,mild
error,mild
errors,mild
eruptions,mild
escapade,mild
eschew,mild
estranged,mild
evade,mild
evasion,mild
evasive,mild
evil,mild
evildoer,mild
evils,mild
eviscerate,mild
exacerbate,mild
exagerate,mild
exagerated,mild
exagerates,mild
exaggerate,mild
exaggeration,mild
exasperate,mild
exasperated,mild
exasperating,mild
exasperatingly,mild
exasperation,mild
excessive,mild
excessively,mild
exclusion,mild
excoriate,mild
excruciating,mild
excruciatingly,mild
excuse,mild
excuses,mild
execrate,mild
exhaust,mild
exhausted,mild
exhaustion,mild
exhausts,mild
exhorbitant,mild
exhort,mild
exile,mild
exorbitant,mild
exorbitantance,mild
exorbitantly,mild
expel,mild
expensive,mild
expire,mild
expired,mild
explode,mild
exploit,mild
exploitation,mild
explosive,mild
expropriate,mild
expropriation,mild
expulse,mild
expunge,mild
exterminate,mild
extermination,mild
extinguish,mild
extort,mild
extortion,mild
extraneous,mild
extravagance,mild
extravagant,mild
extravagantly,mild
extremism,mild
extremist,mild
extremists,mild
eyesore,mild
f**k,mild
fabricate,mild
fabrication,mild
facetious,mild
facetiously,mild
fail,mild
failed,mild
failing,mild
fails,mild
failure,mild
failures,mild
faint,mild
fainthearted,mild
faithless,mild
fake,mild
fall,mild
fallacies,mild
fallacious,mild
fallaciously,mild
fallaciousness,mild
fallacy,mild
fallen,mild
falling,mild
fallout,mild
falls,mild
false,mild
falsehood,mild
falsely,mild
falsify,mild
falter,mild
faltered,mild
famine,mild
famished,mild
fanatic,mild
fanatical,mild
fanatically,mild
fanaticism,mild
fanatics,mild
fanciful,mild
far-fetched,mild
farce,mild
farcical,mild
farcical-yet-provocative,mild
farcically,mild
farfetched,mild
fascism,mild
fascist,mild
fastidious,mild
fastidiously,mild
fastuous,mild
fat,mild
fat-cat,mild
fat-cats,mild
fatal,mild
fatalistic,mild
fatalistically,mild
fatally,mild
fatcat,mild
fatcats,mild
fateful,mild
fatefully,mild
fathomless,mild
fatigue,mild
fatigued,mild
fatique,mild
fatty,mild
fatuity,mild
fatuous,mild
fatuously,mild
fault,mild
faults,mild
faulty,mild
fawningly,mild
faze,mild
fear,mild
fearful,mild
fearfully,mild
fears,mild
fearsome,mild
feckless,mild
feeble,mild
feeblely,mild
feebleminded,mild
feign,mild
feint,mild
fell,mild
felon,mild
felonious,mild
ferociously,mild
ferocity,mild
fetid,mild
fever,mild
feverish,mild
fevers,mild
fiasco,mild
fib,mild
fibber,mild
fickle,mild
fiction,mild
fictional,mild
fictitious,mild
fidget,mild
fidgety,mild
fiend,mild
fiendish,mild
fierce,mild
figurehead,mild
filth,mild
filthy,mild
finagle,mild
finicky,mild
fissures,mild
fist,mild
flabbergast,mild
flabbergasted,mild
flagging,mild
flagrant,mild
flagrantly,mild
flair,mild
flairs,mild
flak,mild
flake,mild
flakey,mild
flakieness,mild
flaking,mild
flaky,mild
flare,mild
flares,mild
flareup,mild
flareups,mild
flat-out,mild
flaunt,mild
flaw,mild
flawed,mild
flaws,mild
flee,mild
fleed,mild
fleeing,mild
fleer,mild
flees,mild
fleeting,mild
flicering,mild
flicker,mild
flickering,mild
flickers,mild
flighty,mild
flimflam,mild
flimsy,mild
flirt,mild
flirty,mild
floored,mild
flounder,mild
floundering,mild
flout,mild
fluster,mild
foe,mild
fool,mild
fooled,mild
foolhardy,mild
foolish,mild
foolishly,mild
foolishness,mild
forbid,mild
forbidden,mild
forbidding,mild
forceful,mild
foreboding,mild
forebodingly,mild
forfeit,mild
forged,mild
forgetful,mild
forgetfully,mild
forgetfulness,mild
forlorn,mild
forlornly,mild
forsake,mild
forsaken,mild
forswear,mild
foul,mild
foully,mild
foulness,mild
fractious,mild
fractiously,mild
fracture,mild
fragile,mild
fragmented,mild
frail,mild
frantic,mild
frantically,mild
franticly,mild
fraud,mild
fraudulent,mild
fraught,mild
frazzle,mild
frazzled,mild
freak,mild
freaking,mild
freakish,mild
freakishly,mild
freaks,mild
freeze,mild
freezes,mild
freezing,mild
frenetic,mild
frenetically,mild
frenzied,mild
frenzy,mild
fret,mild
fretful,mild
frets,mild
friction,mild
frictions,mild
fried,mild
friggin,mild
frigging,mild
fright,mild
frighten,mild
frightening,mild
frighteningly,mild
frightful,mild
frightfully,mild
frigid,mild
frost,mild
frown,mild
froze,mild
frozen,mild
fruitless,mild
fruitlessly,mild
frustrate,mild
frustrated,mild
frustrates,mild
frustrating,mild
frustratingly,mild
frustration,mild
frustrations,mild
fuck,mild
fucking,mild
fudge,mild
fugitive,mild
full-blown,mild
fulminate,mild
fumble,mild
fume,mild
fumes,mild
fundamentalism,mild
funky,mild
funnily,mild
funny,mild
furious,mild
furiously,mild
furor,mild
fury,mild
fuss,mild
fussy,mild
fustigate,mild
fusty,mild
futile,mild
futilely,mild
futility,mild
fuzzy,mild
gabble,mild
gaff,mild
gaffe,mild
gainsay,mild
gainsayer,mild
gall,mild
galling,mild
gallingly,mild
galls,mild
gangster,mild
gape,mild
garbage,mild
garish,mild
gasp,mild
gauche,mild
gaudy,mild
gawk,mild
gawky,mild
geezer,mild
genocide,mild
get-rich,mild
ghastly,mild
ghetto,mild
ghosting,mild
gibber,mild
gibberish,mild
gibe,mild
giddy,mild
gimmick,mild
gimmicked,mild
gimmicking,mild
gimmicks,mild
gimmicky,mild
glare,mild
glaringly,mild
glib,mild
glibly,mild
glitch,mild
glitches,mild
gloatingly,mild
gloom,mild
gloomy,mild
glower,mild
glum,mild
glut,mild
gnawing,mild
goad,mild
goading,mild
god-awful,mild
goof,mild
goofy,mild
goon,mild
gossip,mild
graceless,mild
gracelessly,mild
graft,mild
grainy,mild
grapple,mild
grate,mild
grating,mild
gravely,mild
greasy,mild
greed,mild
greedy,mild
grief,mild
grievance,mild
grievances,mild
grieve,mild
grieving,mild
grievous,mild
grievously,mild
grim,mild
grimace,mild
grind,mild
gripe,mild
gripes,mild
grisly,mild
gritty,mild
gross,mild
grossly,mild
grotesque,mild
grouch,mild
grouchy,mild
groundless,mild
grouse,mild
growl,mild
grudge,mild
grudges,mild
grudging,mild
grudgingly,mild
gruesome,mild
gruesomely,mild
gruff,mild
grumble,mild
grumpier,mild
grumpiest,mild
grumpily,mild
grumpish,mild
grumpy,mild
guile,mild
guilt,mild
guiltily,mild
guilty,mild
gullible,mild
gutless,mild
gutter,mild
hack,mild
hacks,mild
haggard,mild
haggle,mild
hairloss,mild
halfhearted,mild
halfheartedly,mild
hallucinate,mild
hallucination,mild
hamper,mild
hampered,mild
handicapped,mild
hang,mild
hangs,mild
haphazard,mild
hapless,mild
harangue,mild
harass,mild
harassed,mild
harasses,mild
harassment,mild
harboring,mild
harbors,mild
hard,mild
hard-hit,mild
hard-line,mild
hard-liner,mild
hardball,mild
harden,mild
hardened,mild
hardheaded,mild
hardhearted,mild
hardliner,mild
hardliners,mild
hardship,mild
hardships,mild
harm,mild
harmed,mild
harmful,mild
harms,mild
harpy,mild
harridan,mild
harried,mild
harrow,mild
harsh,mild
harshly,mild
hasseling,mild
hassle,mild
hassled,mild
hassles,mild
haste,mild
hastily,mild
hasty,mild
hatefully,mild
hatefulness,mild
hater,mild
haters,mild
hates,mild
hating,mild
hatred,mild
haughtily,mild
haughty,mild
haunt,mild
haunting,mild
havoc,mild
hawkish,mild
haywire,mild
hazard,mild
hazardous,mild
haze,mild
hazy,mild
head-aches,mild
headache,mild
headaches,mild
heartbreaker,mild
heartbreaking,mild
heartbreakingly,mild
heartless,mild
heathen,mild
heavy-handed,mild
heavyhearted,mild
heck,mild
heckle,mild
heckled,mild
heckles,mild
hectic,mild
hedge,mild
hedonistic,mild
heedless,mild
hefty,mild
hegemonism,mild
hegemonistic,mild
hegemony,mild
heinous,mild
hell,mild
hell-bent,mild
hellion,mild
hells,mild
helpless,mild
helplessly,mild
helplessness,mild
heresy,mild
heretic,mild
heretical,mild
hesitant,mild
hestitant,mild
hideous,mild
hideously,mild
hideousness,mild
high-priced,mild
hiliarious,mild
hinder,mild
hindrance,mild
hiss,mild
hissed,mild
hissing,mild
ho-hum,mild
hoard,mild
hoax,mild
hobble,mild
hogs,mild
hollow,mild
hoodium,mild
hoodwink,mild
hooligan,mild
hopeless,mild
hopelessly,mild
hopelessness,mild
horde,mild
horrendous,mild
horrendously,mild
horrible,mild
horrid,mild
horrific,mild
horrified,mild
horrifies,mild
horrify,mild
horrifying,mild
horrifys,mild
hostage,mild
hostile,mild
hostilities,mild
hostility,mild
hotbeds,mild
hothead,mild
hotheaded,mild
hothouse,mild
hubris,mild
huckster,mild
hum,mild
humid,mild
humiliate,mild
humiliating,mild
humiliation,mild
humming,mild
hung,mild
hurt,mild
hurted,mild
hurtful,mild
hurting,mild
hurts,mild
hustler,mild
hype,mild
hypocricy,mild
hypocrisy,mild
hypocrite,mild
hypocrites,mild
hypocritical,mild
hypocritically,mild
hysteria,mild
hysteric,mild
hysterical,mild
hysterically,mild
hysterics,mild
idiocies,mild
idiocy,mild
idiot,mild
idiotic,mild
idiotically,mild
idiots,mild
idle,mild
ignoble,mild
ignominious,mild
ignominiously,mild
ignominy,mild
ignorance,mild
ignorant,mild
ignore,mild
ill-advised,mild
ill-conceived,mild
ill-defined,mild
ill-designed,mild
ill-fated,mild
ill-favored,mild
ill-formed,mild
ill-mannered,mild
ill-natured,mild
ill-sorted,mild
ill-tempered,mild
ill-treated,mild
ill-treatment,mild
ill-usage,mild
ill-used,mild
illegal,mild
illegally,mild
illegitimate,mild
illicit,mild
illiterate,mild
illness,mild
illogic,mild
illogical,mild
illogically,mild
illusion,mild
illusions,mild
illusory,mild
imaginary,mild
imbalance,mild
imbecile,mild
imbroglio,mild
immaterial,mild
immature,mild
imminence,mild
imminently,mild
immobilized,mild
immoderate,mild
immoderately,mild
immodest,mild
immoral,mild
immorality,mild
immorally,mild
immovable,mild
impair,mild
impaired,mild
impasse,mild
impatience,mild
impatient,mild
impatiently,mild
impeach,mild
impedance,mild
impede,mild
impediment,mild
impending,mild
impenitent,mild
imperfect,mild
imperfection,mild
imperfections,mild
imperfectly,mild
imperialist,mild
imperil,mild
imperious,mild
imperiously,mild
impermissible,mild
impersonal,mild
impertinent,mild
impetuous,mild
impetuously,mild
impiety,mild
impinge,mild
impious,mild
implacable,mild
implausible,mild
implausibly,mild
implicate,mild
implication,mild
implode,mild
impolite,mild
impolitely,mild
impolitic,mild
importunate,mild
importune,mild
impose,mild
imposers,mild
imposing,mild
imposition,mild
impossible,mild
impossiblity,mild
impossibly,mild
impotent,mild
impoverish,mild
impoverished,mild
impractical,mild
imprecate,mild
imprecise,mild
imprecisely,mild
imprecision,mild
imprison,mild
imprisonment,mild
improbability,mild
improbable,mild
improbably,mild
improper,mild
improperly,mild
impropriety,mild
imprudence,mild
imprudent,mild
impudence,mild
impudent,mild
impudently,mild
impugn,mild
impulsive,mild
impulsively,mild
impunity,mild
impure,mild
impurity,mild
inability,mild
inaccuracies,mild
inaccuracy,mild
inaccurate,mild
inaccurately,mild
inaction,mild
inactive,mild
inadequacy,mild
inadequate,mild
inadequately,mild
inadverent,mild
inadverently,mild
inadvisable,mild
inadvisably,mild
inane,mild
inanely,mild
inappropriate,mild
inappropriately,mild
inapt,mild
inaptitude,mild
inarticulate,mild
inattentive,mild
inaudible,mild
incapable,mild
incapably,mild
incautious,mild
incendiary,mild
incense,mild
incessant,mild
incessantly,mild
incite,mild
incitement,mild
incivility,mild
inclement,mild
incognizant,mild
incoherence,mild
incoherent,mild
incoherently,mild
incommensurate,mild
incomparable,mild
incomparably,mild
incompatability,mild
incompatibility,mild
incompatible,mild
incompetence,mild
incompetent,mild
incompetently,mild
incomplete,mild
incompliant,mild
incomprehensible,mild
incomprehension,mild
inconceivable,mild
inconceivably,mild
incongruous,mild
incongruously,mild
inconsequent,mild
inconsequential,mild
inconsequentially,mild
inconsequently,mild
inconsiderate,mild
inconsiderately,mild
inconsistence,mild
inconsistencies,mild
inconsistency,mild
inconsistent,mild
inconsolable,mild
inconsolably,mild
inconstant,mild
inconvenience,mild
inconveniently,mild
incorrect,mild
incorrectly,mild
incorrigible,mild
incorrigibly,mild
incredulous,mild
incredulously,mild
inculcate,mild
indecency,mild
indecent,mild
indecently,mild
indecision,mild
indecisive,mild
indecisively,mild
indecorum,mild
indefensible,mild
indelicate,mild
indeterminable,mild
indeterminably,mild
indeterminate,mild
indifference,mild
indifferent,mild
indigent,mild
indignant,mild
indignantly,mild
indignation,mild
indignity,mild
indiscernible,mild
indiscreet,mild
indiscreetly,mild
indiscretion,mild
indiscriminate,mild
indiscriminately,mild
indiscriminating,mild
indistinguishable,mild
indoctrinate,mild
indoctrination,mild
indolent,mild
indulge,mild
ineffective,mild
ineffectively,mild
ineffectiveness,mild
ineffectual,mild
ineffectually,mild
ineffectualness,mild
inefficacious,mild
inefficacy,mild
inefficiency,mild
inefficient,mild
inefficiently,mild
inelegance,mild
inelegant,mild
ineligible,mild
ineloquent,mild
ineloquently,mild
inept,mild
ineptitude,mild
ineptly,mild
inequalities,mild
inequality,mild
inequitable,mild
inequitably,mild
inequities,mild
inescapable,mild
inescapably,mild
inessential,mild
inevitable,mild
inevitably,mild
inexcusable,mild
inexcusably,mild
inexorable,mild
inexorably,mild
inexperience,mild
inexperienced,mild
inexpert,mild
inexpertly,mild
inexpiable,mild
inexplainable,mild
inextricable,mild
inextricably,mild
infamous,mild
infamously,mild
infamy,mild
infected,mild
infection,mild
infections,mild
inferior,mild
inferiority,mild
infernal,mild
infest,mild
infested,mild
infidel,mild
infidels,mild
infiltrator,mild
infiltrators,mild
infirm,mild
inflame,mild
inflammation,mild
inflammatory,mild
inflammed,mild
inflated,mild
inflationary,mild
inflexible,mild
inflict,mild
infraction,mild
infringe,mild
infringement,mild
infringements,mild
infuriate,mild
infuriated,mild
infuriating,mild
infuriatingly,mild
inglorious,mild
ingrate,mild
ingratitude,mild
inhibit,mild
inhibition,mild
inhospitable,mild
inhospitality,mild
inhuman,mild
inhumane,mild
inhumanity,mild
inimical,mild
inimically,mild
iniquitous,mild
iniquity,mild
injudicious,mild
injure,mild
injurious,mild
injury,mild
injustice,mild
injustices,mild
innuendo,mild
inoperable,mild
inopportune,mild
inordinate,mild
inordinately,mild
insane,mild
insanely,mild
insanity,mild
insatiable,mild
insecure,mild
insecurity,mild
insensible,mild
insensitive,mild
insensitively,mild
insensitivity,mild
insidious,mild
insidiously,mild
insignificance,mild
insignificant,mild
insignificantly,mild
insincere,mild
insincerely,mild
insincerity,mild
insinuate,mild
insinuating,mild
insinuation,mild
insociable,mild
insolence,mild
insolent,mild
insolently,mild
insolvent,mild
insouciance,mild
instability,mild
instable,mild
instigate,mild
instigator,mild
instigators,mild
insubordinate,mild
insubstantial,mild
insubstantially,mild
insufferable,mild
insufferably,mild
insufficiency,mild
insufficient,mild
insufficiently,mild
insular,mild
insult,mild
insulted,mild
insulting,mild
insultingly,mild
insults,mild
insupportable,mild
insupportably,mild
insurmountable,mild
insurmountably,mild
insurrection,mild
intefere,mild
inteferes,mild
intense,mild
interfere,mild
interference,mild
interferes,mild
intermittent,mild
interrupt,mild
interruption,mild
interruptions,mild
intimidate,mild
intimidating,mild
intimidatingly,mild
intimidation,mild
intolerable,mild
intolerablely,mild
intolerance,mild
intoxicate,mild
intractable,mild
intransigence,mild
intransigent,mild
intrude,mild
intrusion,mild
intrusive,mild
inundate,mild
inundated,mild
invader,mild
invalid,mild
invalidate,mild
invalidity,mild
invasive,mild
invective,mild
inveigle,mild
invidious,mild
invidiously,mild
invidiousness,mild
invisible,mild
involuntarily,mild
involuntary,mild
irascible,mild
irate,mild
irately,mild
ire,mild
irk,mild
irked,mild
irking,mild
irks,mild
irksome,mild
irksomely,mild
irksomeness,mild
irksomenesses,mild
ironic,mild
ironical,mild
ironically,mild
ironies,mild
irony,mild
irragularity,mild
irrational,mild
irrationalities,mild
irrationality,mild
irrationally,mild
irrationals,mild
irreconcilable,mild
irrecoverable,mild
irrecoverableness,mild
irrecoverablenesses,mild
irrecoverably,mild
irredeemable,mild
irredeemably,mild
irreformable,mild
irregular,mild
irregularity,mild
irrelevance,mild
irrelevant,mild
irreparable,mild
irreplacible,mild
irrepressible,mild
irresolute,mild
irresolvable,mild
irresponsible,mild
irresponsibly,mild
irretating,mild
irretrievable,mild
irreversible,mild
irritable,mild
irritably,mild
irritant,mild
irritate,mild
irritated,mild
irritating,mild
irritation,mild
irritations,mild
isolate,mild
isolated,mild
isolation,mild
issue,mild
issues,mild
itch,mild
itching,mild
itchy,mild
jabber,mild
jaded,mild
jagged,mild
jam,mild
jarring,mild
jaundiced,mild
jealous,mild
jealously,mild
jealousness,mild
jealousy,mild
jeer,mild
jeering,mild
jeeringly,mild
jeers,mild
jeopardize,mild
jeopardy,mild
jerk,mild
jerky,mild
jitter,mild
jitters,mild
jittery,mild
job-killing,mild
jobless,mild
joke,mild
joker,mild
jolt,mild
judder,mild
juddering,mild
judders,mild
jumpy,mild
junk,mild
junky,mild
junkyard,mild
jutter,mild
jutters,mild
kaput,mild
killjoy,mild
kills,mild
knave,mild
knife,mild
knock,mild
knotted,mild
kook,mild
kooky,mild
lack,mild
lackadaisical,mild
lacked,mild
lackey,mild
lackeys,mild
lacking,mild
lackluster,mild
lacks,mild
laconic,mild
lag,mild
lagged,mild
lagging,mild
laggy,mild
lags,mild
laid-off,mild
lambast,mild
lambaste,mild
lame,mild
lame-duck,mild
lament,mild
lamentable,mild
lamentably,mild
languid,mild
languish,mild
languor,mild
languorous,mild
languorously,mild
lanky,mild
lapse,mild
lapsed,mild
lapses,mild
lascivious,mild
last-ditch,mild
latency,mild
laughable,mild
laughably,mild
laughingstock,mild
lawbreaker,mild
lawbreaking,mild
lawless,mild
lawlessness,mild
layoff,mild
layoff-happy,mild
lazy,mild
leak,mild
leakage,mild
leakages,mild
leaking,mild
leaks,mild
leaky,mild
lech,mild
lecher,mild
lecherous,mild
lechery,mild
leech,mild
leer,mild
leery,mild
left-leaning,mild
lemon,mild
lengthy,mild
less-developed,mild
lesser-known,mild
letch,mild
lethal,mild
lethargic,mild
lethargy,mild
lewd,mild
lewdly,mild
lewdness,mild
liability,mild
liable,mild
liar,mild
liars,mild
licentious,mild
licentiously,mild
licentiousness,mild
lie,mild
lied,mild
lier,mild
lies,mild
life-threatening,mild
lifeless,mild
limit,mild
limitation,mild
limitations,mild
limited,mild
limits,mild
limp,mild
listless,mild
litigious,mild
little-known,mild
livid,mild
lividly,mild
loath,mild
loathe,mild
loathing,mild
loathly,mild
loathsome,mild
loathsomely,mild
lone,mild
loneliness,mild
lonely,mild
loner,mild
lonesome,mild
long-time,mild
long-winded,mild
longing,mild
longingly,mild
loophole,mild
loopholes,mild
loose,mild
loot,mild
lorn,mild
lose,mild
loser,mild
losers,mild
loses,mild
losing,mild
loss,mild
losses,mild
lost,mild
loud,mild
louder,mild
lousy,mild
loveless,mild
lovelorn,mild
low-rated,mild
lowly,mild
ludicrous,mild
ludicrously,mild
lugubrious,mild
lukewarm,mild
lull,mild
lumpy,mild
lunatic,mild
lunaticism,mild
lurch,mild
lure,mild
lurid,mild
lurk,mild
lurking,mild
lying,mild
macabre,mild
mad,mild
madden,mild
maddening,mild
maddeningly,mild
madder,mild
madly,mild
madman,mild
madness,mild
maladjusted,mild
maladjustment,mild
malady,mild
malaise,mild
malcontent,mild
malcontented,mild
maledict,mild
malevolence,mild
malevolent,mild
malevolently,mild
malice,mild
malicious,mild
maliciously,mild
maliciousness,mild
malign,mild
malignant,mild
malodorous,mild
maltreatment,mild
mangle,mild
mangled,mild
mangles,mild
mangling,mild
mania,mild
maniac,mild
maniacal,mild
manic,mild
manipulate,mild
manipulation,mild
manipulative,mild
manipulators,mild
mar,mild
marginal,mild
marginally,mild
martyrdom,mild
martyrdom-seeking,mild
mashed,mild
massacre,mild
massacres,mild
matte,mild
mawkish,mild
mawkishly,mild
mawkishness,mild
meager,mild
meaningless,mild
meanness,mild
measly,mild
meddle,mild
meddlesome,mild
mediocre,mild
mediocrity,mild
melancholy,mild
melodramatic,mild
melodramatically,mild
meltdown,mild
menace,mild
menacing,mild
menacingly,mild
mendacious,mild
mendacity,mild
menial,mild
merciless,mild
mercilessly,mild
mess,mild
messed,mild
messes,mild
messing,mild
messy,mild
midget,mild
miff,mild
militancy,mild
mindless,mild
mindlessly,mild
mirage,mild
mire,mild
misalign,mild
misaligned,mild
misaligns,mild
misapprehend,mild
misbecome,mild
misbecoming,mild
misbegotten,mild
misbehave,mild
misbehavior,mild
miscalculate,mild
miscalculation,mild
miscellaneous,mild
mischief,mild
mischievous,mild
mischievously,mild
misconception,mild
misconceptions,mild
miscreant,mild
miscreants,mild
misdirection,mild
miser,mild
miserable,mild
miserableness,mild
miserably,mild
miseries,mild
miserly,mild
misery,mild
misfit,mild
misfortune,mild
misgiving,mild
misgivings,mild
misguidance,mild
misguide,mild
misguided,mild
mishandle,mild
mishap,mild
misinform,mild
misinformed,mild
misinterpret,mild
misjudge,mild
misjudgment,mild
mislead,mild
misleading,mild
misleadingly,mild
mislike,mild
mismanage,mild
mispronounce,mild
mispronounced,mild
mispronounces,mild
misread,mild
misreading,mild
misrepresent,mild
misrepresentation,mild
miss,mild
missed,mild
misses,mild
misstatement,mild
mist,mild
mistake,mild
mistaken,mild
mistakenly,mild
mistakes,mild
mistified,mild
mistress,mild
mistrust,mild
mistrustful,mild
mistrustfully,mild
mists,mild
misunderstand,mild
misunderstanding,mild
misunderstandings,mild
misunderstood,mild
misuse,mild
moan,mild
mobster,mild
mock,mild
mocked,mild
mockeries,mild
mockery,mild
mocking,mild
mockingly,mild
mocks,mild
molest,mild
molestation,mild
monotonous,mild
monotony,mild
monster,mild
monstrosities,mild
monstrosity,mild
monstrous,mild
monstrously,mild
moody,mild
moot,mild
mope,mild
morbid,mild
morbidly,mild
mordant,mild
mordantly,mild
moribund,mild
moron,mild
moronic,mild
morons,mild
mortification,mild
mortified,mild
mortify,mild
mortifying,mild
motionless,mild
motley,mild
mourn,mild
mourner,mild
mournful,mild
mournfully,mild
muddle,mild
muddy,mild
mudslinger,mild
mudslinging,mild
mulish,mild
multi-polarization,mild
mundane,mild
murderously,mild
murky,mild
muscle-flexing,mild
mushy,mild
musty,mild
mysterious,mild
mysteriously,mild
mystery,mild
mystify,mild
myth,mild
nag,mild
nagging,mild
naive,mild
naively,mild
narrower,mild
nastily,mild
nastiness,mild
nasty,mild
naughty,mild
nauseate,mild
nauseates,mild
nauseating,mild
nauseatingly,mild
nave,mild
nebulous,mild
nebulously,mild
needless,mild
needlessly,mild
needy,mild
nefarious,mild
nefariously,mild
negate,mild
negation,mild
negative,mild
negatives,mild
negativity,mild
neglect,mild
neglected,mild
negligence,mild
negligent,mild
nemesis,mild
nepotism,mild
nervous,mild
nervously,mild
nervousness,mild
nettle,mild
nettlesome,mild
neurotic,mild
neurotically,mild
niggle,mild
niggles,mild
nightmare,mild
nightmarish,mild
nightmarishly,mild
nitpick,mild
nitpicking,mild
noise,mild
noises,mild
noisier,mild
noisy,mild
non-confidence,mild
nonexistent,mild
nonresponsive,mild
nonsense,mild
nosey,mild
notoriety,mild
notorious,mild
notoriously,mild
noxious,mild
nuisance,mild
numb,mild
obese,mild
object,mild
objection,mild
objectionable,mild
objections,mild
oblique,mild
obliterate,mild
obliterated,mild
oblivious,mild
obnoxious,mild
obnoxiously,mild
obscene,mild
obscenely,mild
obscenity,mild
obscure,mild
obscured,mild
obscures,mild
obscurity,mild
obsess,mild
obsessive,mild
obsessively,mild
obsessiveness,mild
obsolete,mild
obstacle,mild
obstinate,mild
obstinately,mild
obstruct,mild
obstructed,mild
obstructing,mild
obstruction,mild
obstructs,mild
obtrusive,mild
obtuse,mild
occlude,mild
occluded,mild
occludes,mild
occluding,mild
odd,mild
odder,mild
oddest,mild
oddities,mild
oddity,mild
oddly,mild
odor,mild
offence,mild
offend,mild
offender,mild
offending,mild
offenses,mild
offensive,mild
offensively,mild
offensiveness,mild
officious,mild
ominous,mild
ominously,mild
omission,mild
omit,mild
one-sided,mild
onerous,mild
onerously,mild
onslaught,mild
opinionated,mild
opponent,mild
opportunistic,mild
oppose,mild
opposition,mild
oppositions,mild
oppress,mild
oppression,mild
oppressive,mild
oppressively,mild
oppressiveness,mild
oppressors,mild
ordeal,mild
orphan,mild
ostracize,mild
outbreak,mild
outburst,mild
outbursts,mild
outcast,mild
outcry,mild
outlaw,mild
outmoded,mild
outrage,mild
outraged,mild
outrageous,mild
outrageously,mild
outrageousness,mild
outrages,mild
outsider,mild
over-acted,mild
over-awe,mild
over-balanced,mild
over-hyped,mild
over-priced,mild
over-valuation,mild
overact,mild
overacted,mild
overawe,mild
overbalance,mild
overbalanced,mild
overbearing,mild
overbearingly,mild
overblown,mild
overdo,mild
overdone,mild
overdue,mild
overemphasize,mild
overheat,mild
overkill,mild
overloaded,mild
overlook,mild
overpaid,mild
overpayed,mild
overplay,mild
overpower,mild
overpriced,mild
overrated,mild
overreach,mild
overrun,mild
overshadow,mild
oversight,mild
oversights,mild
oversimplification,mild
oversimplified,mild
oversimplify,mild
oversize,mild
overstate,mild
overstated,mild
overstatement,mild
overstatements,mild
overstates,mild
overtaxed,mild
overthrow,mild
overthrows,mild
overturn,mild
overweight,mild
overwhelm,mild
overwhelmed,mild
overwhelming,mild
overwhelmingly,mild
overwhelms,mild
overzealous,mild
overzealously,mild
overzelous,mild
pain,mild
painful,mild
painfull,mild
painfully,mild
pains,mild
pale,mild
pales,mild
paltry,mild
pan,mild
pandemonium,mild
pander,mild
pandering,mild
panders,mild
panic,mild
panick,mild
panicked,mild
panicking,mild
panicky,mild
paradoxical,mild
paradoxically,mild
paralize,mild
paralyzed,mild
paranoia,mild
paranoid,mild
parasite,mild
pariah,mild
parody,mild
partiality,mild
partisan,mild
partisans,mild
passe,mild
passive,mild
passiveness,mild
pathetic,mild
pathetically,mild
patronize,mild
paucity,mild
pauper,mild
paupers,mild
payback,mild
peculiar,mild
peculiarly,mild
pedantic,mild
peeled,mild
peeve,mild
peeved,mild
peevish,mild
peevishly,mild
penalize,mild
penalty,mild
perfidious,mild
perfidity,mild
perfunctory,mild
peril,mild
perilous,mild
perilously,mild
perish,mild
pernicious,mild
perplex,mild
perplexed,mild
perplexing,mild
perplexity,mild
persecute,mild
persecution,mild
pertinacious,mild
pertinaciously,mild
pertinacity,mild
perturb,mild
perturbed,mild
pervasive,mild
perverse,mild
perversely,mild
perversion,mild
perversity,mild
pervert,mild
perverted,mild
perverts,mild
pessimism,mild
pessimistic,mild
pessimistically,mild
pest,mild
pestilent,mild
petrified,mild
petrify,mild
pettifog,mild
petty,mild
phobia,mild
phobic,mild
phony,mild
picket,mild
picketed,mild
picketing,mild
pickets,mild
picky,mild
pig,mild
pigs,mild
pillage,mild
pillory,mild
pimple,mild
pinch,mild
pique,mild
pitiable,mild
pitiful,mild
pitifully,mild
pitiless,mild
pitilessly,mild
pittance,mild
pity,mild
plagiarize,mild
plague,mild
plasticky,mild
plaything,mild
plea,mild
pleas,mild
plebeian,mild
plight,mild
plot,mild
plotters,mild
ploy,mild
plunder,mild
plunderer,mild
pointless,mild
pointlessly,mild
poison,mild
poisonous,mild
poisonously,mild
pokey,mild
poky,mild
polarisation,mild
polemize,mild
pollute,mild
polluter,mild
polluters,mild
polution,mild
pompous,mild
poor,mild
poorer,mild
poorest,mild
poorly,mild
posturing,mild
pout,mild
poverty,mild
powerless,mild
prate,mild
pratfall,mild
prattle,mild
precarious,mild
precariously,mild
precipitate,mild
precipitous,mild
predatory,mild
predicament,mild
prejudge,mild
prejudice,mild
prejudices,mild
prejudicial,mild
premeditated,mild
preoccupy,mild
preposterous,mild
preposterously,mild
presumptuous,mild
presumptuously,mild
pretence,mild
pretend,mild
pretense,mild
pretentious,mild
pretentiously,mild
prevaricate,mild
pricey,mild
pricier,mild
prick,mild
prickle,mild
prickles,mild
prideful,mild
prik,mild
primitive,mild
prison,mild
prisoner,mild
problem,mild
problematic,mild
problems,mild
procrastinate,mild
procrastinates,mild
procrastination,mild
profane,mild
profanity,mild
prohibit,mild
prohibitive,mild
prohibitively,mild
propaganda,mild
propagandize,mild
proprietary,mild
prosecute,mild
protest,mild
protested,mild
protesting,mild
protests,mild
protracted,mild
provocation,mild
provocative,mild
provoke,mild
pry,mild
pugnacious,mild
pugnaciously,mild
pugnacity,mild
punch,mild
punish,mild
punishable,mild
punitive,mild
punk,mild
puny,mild
puppet,mild
puppets,mild
puzzled,mild
puzzlement,mild
puzzling,mild
quack,mild
qualm,mild
qualms,mild
quandary,mild
quarrel,mild
quarrellous,mild
quarrellously,mild
quarrels,mild
quarrelsome,mild
quash,mild
queer,mild
questionable,mild
quibble,mild
quibbles,mild
quitter,mild
rabid,mild
racism,mild
racist,mild
racists,mild
racy,mild
radical,mild
radicalization,mild
radically,mild
radicals,mild
rage,mild
ragged,mild
raging,mild
rail,mild
raked,mild
rampage,mild
rampant,mild
ramshackle,mild
rancor,mild
randomly,mild
rankle,mild
rant,mild
ranted,mild
ranting,mild
rantingly,mild
rants,mild
rape,mild
raped,mild
raping,mild
rascal,mild
rascals,mild
rash,mild
rattle,mild
rattled,mild
rattles,mild
ravage,mild
raving,mild
reactionary,mild
rebellious,mild
rebuff,mild
rebuke,mild
recalcitrant,mild
recant,mild
recession,mild
recessionary,mild
reckless,mild
recklessly,mild
recklessness,mild
recoil,mild
recourses,mild
redundancy,mild
redundant,mild
refusal,mild
refuse,mild
refused,mild
refuses,mild
refusing,mild
refutation,mild
refute,mild
refuted,mild
refutes,mild
refuting,mild
regress,mild
regression,mild
regressive,mild
regret,mild
regreted,mild
regretful,mild
regretfully,mild
regrets,mild
regrettable,mild
regrettably,mild
regretted,mild
reject,mild
rejected,mild
rejecting,mild
rejection,mild
rejects,mild
relapse,mild
relentless,mild
relentlessly,mild
relentlessness,mild
reluctance,mild
reluctant,mild
reluctantly,mild
remorse,mild
remorseful,mild
remorsefully,mild
remorseless,mild
remorselessly,mild
remorselessness,mild
renounce,mild
renunciation,mild
repel,mild
repetitive,mild
reprehensible,mild
reprehensibly,mild
reprehension,mild
reprehensive,mild
repress,mild
repression,mild
repressive,mild
reprimand,mild
reproach,mild
reproachful,mild
reprove,mild
reprovingly,mild
repudiate,mild
repudiation,mild
repugn,mild
repugnance,mild
repugnant,mild
repugnantly,mild
repulse,mild
repulsed,mild
repulsing,mild
repulsive,mild
repulsively,mild
repulsiveness,mild
resent,mild
resentful,mild
resentment,mild
resignation,mild
resigned,mild
resistance,mild
restless,mild
restlessness,mild
restrict,mild
restricted,mild
restriction,mild
restrictive,mild
resurgent,mild
retaliate,mild
retaliatory,mild
retard,mild
retarded,mild
retardedness,mild
retards,mild
reticent,mild
retract,mild
retreat,mild
retreated,mild
revenge,mild
revengeful,mild
revengefully,mild
revert,mild
revile,mild
reviled,mild
revoke,mild
revolt,mild
revolting,mild
revoltingly,mild
revulsion,mild
revulsive,mild
rhapsodize,mild
rhetoric,mild
rhetorical,mild
ricer,mild
ridicule,mild
ridicules,mild
ridiculous,mild
ridiculously,mild
rife,mild
rift,mild
rifts,mild
rigid,mild
rigidity,mild
rigidness,mild
rile,mild
riled,mild
rip,mild
rip-off,mild
ripoff,mild
ripped,mild
risk,mild
risks,mild
risky,mild
rival,mild
rivalry,mild
roadblocks,mild
rocky,mild
rogue,mild
rollercoaster,mild
rot,mild
rotten,mild
rough,mild
rremediable,mild
rubbish,mild
rude,mild
rue,mild
ruffian,mild
ruffle,mild
ruin,mild
ruined,mild
ruining,mild
ruinous,mild
ruins,mild
rumbling,mild
rumor,mild
rumors,mild
rumours,mild
rumple,mild
run-down,mild
runaway,mild
rupture,mild
rust,mild
rusts,mild
rusty,mild
rut,mild
ruthless,mild
ruthlessly,mild
ruthlessness,mild
ruts,mild
sabotage,mild
sack,mild
sacrificed,mild
sad,mild
sadden,mild
sadly,mild
sadness,mild
sag,mild
sagged,mild
sagging,mild
saggy,mild
sags,mild
salacious,mild
sanctimonious,mild
sap,mild
sarcasm,mild
sarcastic,mild
sarcastically,mild
sardonic,mild
sardonically,mild
sass,mild
satirical,mild
satirize,mild
savage,mild
savaged,mild
savagery,mild
savages,mild
scaly,mild
scam,mild
scams,mild
scandal,mild
scandalize,mild
scandalized,mild
scandalous,mild
scandalously,mild
scandals,mild
scandel,mild
scandels,mild
scant,mild
scapegoat,mild
scar,mild
scarce,mild
scarcely,mild
scarcity,mild
scare,mild
scared,mild
scarier,mild
scariest,mild
scarily,mild
scarred,mild
scars,mild
scary,mild
scathing,mild
scathingly,mild
sceptical,mild
scoff,mild
scoffingly,mild
scold,mild
scolded,mild
scolding,mild
scoldingly,mild
scorching,mild
scorchingly,mild
scorn,mild
scornful,mild
scornfully,mild
scoundrel,mild
scourge,mild
scowl,mild
scramble,mild
scrambled,mild
scrambles,mild
scrambling,mild
scrap,mild
scratch,mild
scratched,mild
scratches,mild
scratchy,mild
scream,mild
screech,mild
screw-up,mild
screwed,mild
screwed-up,mild
screwy,mild
scuff,mild
scuffs,mild
scum,mild
scummy,mild
second-class,mild
second-tier,mild
secretive,mild
sedentary,mild
seedy,mild
seethe,mild
seething,mild
self-coup,mild
self-criticism,mild
self-defeating,mild
self-destructive,mild
self-humiliation,mild
self-interest,mild
self-interested,mild
self-serving,mild
selfinterested,mild
selfish,mild
selfishly,mild
selfishness,mild
semi-retarded,mild
senile,mild
sensationalize,mild
senseless,mild
senselessly,mild
seriousness,mild
sermonize,mild
servitude,mild
set-up,mild
setback,mild
setbacks,mild
sever,mild
severe,mild
severity,mild
sh*t,mild
shabby,mild
shadowy,mild
shady,mild
shake,mild
shaky,mild
shallow,mild
sham,mild
shambles,mild
shame,mild
shameful,mild
shamefully,mild
shamefulness,mild
shameless,mild
shamelessly,mild
shamelessness,mild
shark,mild
sharply,mild
shatter,mild
shemale,mild
shimmer,mild
shimmy,mild
shipwreck,mild
shirk,mild
shirker,mild
shit,mild
shiver,mild
shock,mild
shocked,mild
shocking,mild
shockingly,mild
shoddy,mild
short-lived,mild
shortage,mild
shortchange,mild
shortcoming,mild
shortcomings,mild
shortness,mild
shortsighted,mild
shortsightedness,mild
showdown,mild
shrew,mild
shriek,mild
shrill,mild
shrilly,mild
shrivel,mild
shroud,mild
shrouded,mild
shrug,mild
shun,mild
shunned,mild
sick,mild
sicken,mild
sickening,mild
sickeningly,mild
sickly,mild
sickness,mild
sidetrack,mild
sidetracked,mild
siege,mild
sillily,mild
silly,mild
simplistic,mild
simplistically,mild
sin,mild
sinful,mild
sinfully,mild
sinister,mild
sinisterly,mild
sink,mild
sinking,mild
skeletons,mild
skeptic,mild
skeptical,mild
skeptically,mild
skepticism,mild
sketchy,mild
skimpy,mild
skinny,mild
skittish,mild
skittishly,mild
skulk,mild
slack,mild
slander,mild
slanderer,mild
slanderous,mild
slanderously,mild
slanders,mild
slap,mild
slashing,mild
slaughter,mild
slaughtered,mild
slave,mild
slaves,mild
sleazy,mild
slime,mild
slog,mild
slogged,mild
slogging,mild
slogs,mild
sloooooooooooooow,mild
sloooow,mild
slooow,mild
sloow,mild
sloppily,mild
sloppy,mild
sloth,mild
slothful,mild
slow,mild
slow-moving,mild
slowed,mild
slower,mild
slowest,mild
slowly,mild
sloww,mild
slowww,mild
slowwww,mild
slug,mild
sluggish,mild
slump,mild
slumping,mild
slumpping,mild
slur,mild
slut,mild
sluts,mild
sly,mild
smack,mild
smallish,mild
smash,mild
smear,mild
smell,mild
smelled,mild
smelling,mild
smells,mild
smelly,mild
smelt,mild
smoke,mild
smokescreen,mild
smolder,mild
smoldering,mild
smother,mild
smoulder,mild
smouldering,mild
smudge,mild
smudged,mild
smudges,mild
smudging,mild
smug,mild
smugly,mild
smut,mild
smuttier,mild
smuttiest,mild
smutty,mild
snag,mild
snagged,mild
snagging,mild
snags,mild
snappish,mild
snappishly,mild
snare,mild
snarky,mild
snarl,mild
sneak,mild
sneakily,mild
sneaky,mild
sneer,mild
sneering,mild
sneeringly,mild
snob,mild
snobbish,mild
snobby,mild
snobish,mild
snobs,mild
snub,mild
so-cal,mild
soapy,mild
sob,mild
sober,mild
sobering,mild
solemn,mild
solicitude,mild
somber,mild
sore,mild
sorely,mild
soreness,mild
sorrow,mild
sorrowful,mild
sorrowfully,mild
sorry,mild
sour,mild
sourly,mild
spade,mild
spank,mild
spendy,mild
spew,mild
spewed,mild
spewing,mild
spews,mild
spilling,mild
spinster,mild
spiritless,mild
spite,mild
spiteful,mild
spitefully,mild
spitefulness,mild
splatter,mild
split,mild
splitting,mild
spoil,mild
spoilage,mild
spoilages,mild
spoiled,mild
spoilled,mild
spoils,mild
spook,mild
spookier,mild
spookiest,mild
spookily,mild
spooky,mild
spoon-fed,mild
spoon-feed,mild
spoonfed,mild
sporadic,mild
spotty,mild
spurious,mild
spurn,mild
sputter,mild
squabble,mild
squabbling,mild
squander,mild
squash,mild
squeak,mild
squeaks,mild
squeaky,mild
squeal,mild
squealing,mild
squeals,mild
squirm,mild
stab,mild
stagnant,mild
stagnate,mild
stagnation,mild
staid,mild
stain,mild
stains,mild
stale,mild
stalemate,mild
stall,mild
stalls,mild
stammer,mild
stampede,mild
standstill,mild
stark,mild
starkly,mild
startle,mild
startling,mild
startlingly,mild
starvation,mild
starve,mild
static,mild
steal,mild
stealing,mild
steals,mild
steep,mild
steeply,mild
stench,mild
stereotype,mild
stereotypical,mild
stereotypically,mild
stern,mild
stew,mild
sticky,mild
stiff,mild
stiffness,mild
stifle,mild
stifling,mild
stiflingly,mild
stigma,mild
stigmatize,mild
sting,mild
stinging,mild
stingingly,mild
stingy,mild
stink,mild
stinks,mild
stodgy,mild
stole,mild
stolen,mild
stooge,mild
stooges,mild
stormy,mild
straggle,mild
straggler,mild
strain,mild
strained,mild
straining,mild
strange,mild
strangely,mild
stranger,mild
strangest,mild
strangle,mild
streaky,mild
strenuous,mild
stress,mild
stresses,mild
stressful,mild
stressfully,mild
stricken,mild
strict,mild
strictly,mild
strident,mild
stridently,mild
strife,mild
strike,mild
stringent,mild
stringently,mild
struck,mild
struggle,mild
struggled,mild
struggles,mild
struggling,mild
strut,mild
stubborn,mild
stubbornly,mild
stubbornness,mild
stuck,mild
stuffy,mild
stumble,mild
stumbled,mild
stumbles,mild
stump,mild
stumped,mild
stumps,mild
stun,mild
stunt,mild
stunted,mild
stupid,mild
stupidest,mild
stupidity,mild
stupidly,mild
stupified,mild
stupify,mild
stupor,mild
stutter,mild
stuttered,mild
stuttering,mild
stutters,mild
sty,mild
stymied,mild
sub-par,mild
subdued,mild
subjected,mild
subjection,mild
subjugate,mild
subjugation,mild
submissive,mild
subordinate,mild
subpoena,mild
subpoenas,mild
subservience,mild
subservient,mild
substandard,mild
subtract,mild
subversion,mild
subversive,mild
subversively,mild
subvert,mild
succumb,mild
suck,mild
sucked,mild
sucker,mild
sucks,mild
sucky,mild
sue,mild
sued,mild
sueing,mild
sues,mild
suffer,mild
suffered,mild
sufferer,mild
sufferers,mild
suffering,mild
suffers,mild
suffocate,mild
sugar-coat,mild
sugar-coated,mild
sugarcoated,mild
suicidal,mild
suicide,mild
sulk,mild
sullen,mild
sully,mild
sunder,mild
sunk,mild
sunken,mild
superficial,mild
superficiality,mild
superficially,mild
superfluous,mild
superstition,mild
superstitious,mild
suppress,mild
suppression,mild
surrender,mild
susceptible,mild
suspect,mild
suspicion,mild
suspicions,mild
suspicious,mild
suspiciously,mild
swagger,mild
swamped,mild
sweaty,mild
swelled,mild
swelling,mild
swindle,mild
swipe,mild
swollen,mild
symptom,mild
symptoms,mild
syndrome,mild
taboo,mild
tacky,mild
taint,mild
tainted,mild
tamper,mild
tangle,mild
tangled,mild
tangles,mild
tank,mild
tanked,mild
tanks,mild
tantrum,mild
tardy,mild
tarnish,mild
tarnished,mild
tarnishes,mild
tarnishing,mild
tattered,mild
taunt,mild
taunting,mild
tauntingly,mild
taunts,mild
taut,mild
tawdry,mild
taxing,mild
tease,mild
teasingly,mild
tedious,mild
tediously,mild
temerity,mild
temper,mild
tempest,mild
temptation,mild
tenderness,mild
tense,mild
tension,mild
tentative,mild
tentatively,mild
tenuous,mild
tenuously,mild
tepid,mild
terrible,mild
terribleness,mild
terribly,mild
terror,mild
terror-genic,mild
terrorism,mild
terrorize,mild
testily,mild
testy,mild
tetchily,mild
tetchy,mild
thankless,mild
thicker,mild
thirst,mild
thorny,mild
thoughtless,mild
thoughtlessly,mild
thoughtlessness,mild
thrash,mild
threat,mild
threaten,mild
threatening,mild
threats,mild
threesome,mild
throb,mild
throbbed,mild
throbbing,mild
throbs,mild
throttle,mild
thug,mild
thumb-down,mild
thumbs-down,mild
thwart,mild
time-consuming,mild
timid,mild
timidity,mild
timidly,mild
timidness,mild
tin-y,mild
tingled,mild
tingling,mild
tired,mild
tiresome,mild
tiring,mild
tiringly,mild
toil,mild
toll,mild
top-heavy,mild
topple,mild
torment,mild
tormented,mild
torrent,mild
tortuous,mild
torture,mild
tortured,mild
tortures,mild
torturing,mild
torturous,mild
torturously,mild
totalitarian,mild
touchy,mild
toughness,mild
tout,mild
touted,mild
touts,mild
toxic,mild
traduce,mild
tragedy,mild
tragic,mild
tragically,mild
traitor,mild
traitorous,mild
traitorously,mild
tramp,mild
trample,mild
transgress,mild
transgression,mild
trap,mild
traped,mild
trapped,mild
trash,mild
trashed,mild
trashy,mild
trauma,mild
traumatic,mild
traumatically,mild
traumatize,mild
traumatized,mild
travesties,mild
travesty,mild
treacherous,mild
treacherously,mild
treachery,mild
treason,mild
treasonous,mild
trick,mild
tricked,mild
trickery,mild
tricky,mild
trivial,mild
trivialize,mild
trouble,mild
troubled,mild
troublemaker,mild
troubles,mild
troublesome,mild
troublesomely,mild
troubling,mild
troublingly,mild
truant,mild
tumble,mild
tumbled,mild
tumbles,mild
tumultuous,mild
turbulent,mild
turmoil,mild
twist,mild
twisted,mild
twists,mild
two-faced,mild
two-faces,mild
tyrannical,mild
tyrannically,mild
tyranny,mild
tyrant,mild
ugh,mild
uglier,mild
ugliest,mild
ugliness,mild
ugly,mild
ulterior,mild
ultimatum,mild
ultimatums,mild
ultra-hardline,mild
un-viewable,mild
unable,mild
unacceptable,mild
unacceptablely,mild
unacceptably,mild
unaccessible,mild
unaccustomed,mild
unachievable,mild
unaffordable,mild
unappealing,mild
unattractive,mild
unauthentic,mild
unavailable,mild
unavoidably,mild
unbearable,mild
unbearablely,mild
unbelievable,mild
unbelievably,mild
uncaring,mild
uncertain,mild
uncivil,mild
uncivilized,mild
unclean,mild
unclear,mild
uncollectible,mild
uncomfortable,mild
uncomfortably,mild
uncomfy,mild
uncompetitive,mild
uncompromising,mild
uncompromisingly,mild
unconfirmed,mild
unconstitutional,mild
uncontrolled,mild
unconvincing,mild
unconvincingly,mild
uncooperative,mild
uncouth,mild
uncreative,mild
undecided,mild
undefined,mild
undependability,mild
undependable,mild
undercut,mild
undercuts,mild
undercutting,mild
underdog,mild
underestimate,mild
underlings,mild
undermine,mild
undermined,mild
undermines,mild
undermining,mild
underpaid,mild
underpowered,mild
undersized,mild
undesirable,mild
undetermined,mild
undid,mild
undignified,mild
undissolved,mild
undocumented,mild
undone,mild
undue,mild
unease,mild
uneasily,mild
uneasiness,mild
uneasy,mild
uneconomical,mild
unemployed,mild
unequal,mild
unethical,mild
uneven,mild
uneventful,mild
unexpected,mild
unexpectedly,mild
unexplained,mild
unfairly,mild
unfaithful,mild
unfaithfully,mild
unfamiliar,mild
unfavorable,mild
unfeeling,mild
unfinished,mild
unfit,mild
unforeseen,mild
unforgiving,mild
unfortunate,mild
unfortunately,mild
unfounded,mild
unfriendly,mild
unfulfilled,mild
unfunded,mild
ungovernable,mild
ungrateful,mild
unhappily,mild
unhappiness,mild
unhappy,mild
unhealthy,mild
unhelpful,mild
unilateralism,mild
unimaginable,mild
unimaginably,mild
unimportant,mild
uninformed,mild
uninsured,mild
unintelligible,mild
unintelligile,mild
unipolar,mild
unjust,mild
unjustifiable,mild
unjustifiably,mild
unjustified,mild
unjustly,mild
unkind,mild
unkindly,mild
unknown,mild
unlamentable,mild
unlamentably,mild
unlawful,mild
unlawfully,mild
unlawfulness,mild
unleash,mild
unlicensed,mild
unlikely,mild
unlucky,mild
unmoved,mild
unnatural,mild
unnaturally,mild
unnecessary,mild
unneeded,mild
unnerve,mild
unnerved,mild
unnerving,mild
unnervingly,mild
unnoticed,mild
unobserved,mild
unorthodox,mild
unorthodoxy,mild
unpleasant,mild
unpleasantries,mild
unpopular,mild
unpredictable,mild
unprepared,mild
unproductive,mild
unprofitable,mild
unprove,mild
unproved,mild
unproven,mild
unproves,mild
unproving,mild
unqualified,mild
unravel,mild
unraveled,mild
unreachable,mild
unreadable,mild
unrealistic,mild
unreasonable,mild
unreasonably,mild
unrelenting,mild
unrelentingly,mild
unreliability,mild
unreliable,mild
unresolved,mild
unresponsive,mild
unrest,mild
unruly,mild
unsafe,mild
unsatisfactory,mild
unsavory,mild
unscrupulous,mild
unscrupulously,mild
unsecure,mild
unseemly,mild
unsettle,mild
unsettled,mild
unsettling,mild
unsettlingly,mild
unskilled,mild
unsophisticated,mild
unsound,mild
unspeakable,mild
unspeakablely,mild
unspecified,mild
unstable,mild
unsteadily,mild
unsteadiness,mild
unsteady,mild
unsuccessful,mild
unsuccessfully,mild
unsupported,mild
unsupportive,mild
unsure,mild
unsuspecting,mild
unsustainable,mild
untenable,mild
untested,mild
unthinkable,mild
unthinkably,mild
untimely,mild
untouched,mild
untrue,mild
untrustworthy,mild
untruthful,mild
unusable,mild
unusably,mild
unuseable,mild
unuseably,mild
unusual,mild
unusually,mild
unviewable,mild
unwanted,mild
unwarranted,mild
unwatchable,mild
unwelcome,mild
unwell,mild
unwieldy,mild
unwilling,mild
unwillingly,mild
unwillingness,mild
unwise,mild
unwisely,mild
unworkable,mild
unworthy,mild
unyielding,mild
upbraid,mild
upheaval,mild
uprising,mild
uproar,mild
uproarious,mild
uproariously,mild
uproarous,mild
uproarously,mild
uproot,mild
upset,mild
upseting,mild
upsets,mild
upsetting,mild
upsettingly,mild
urgent,mild
useless,mild
usurp,mild
usurper,mild
utterly,mild
vagrant,mild
vague,mild
vagueness,mild
vain,mild
vainly,mild
vanity,mild
vehement,mild
vehemently,mild
vengeance,mild
vengeful,mild
vengefully,mild
vengefulness,mild
venom,mild
venomous,mild
venomously,mild
vent,mild
vestiges,mild
vex,mild
vexation,mild
vexing,mild
vexingly,mild
vibrate,mild
vibrated,mild
vibrates,mild
vibrating,mild
vibration,mild
vice,mild
vicious,mild
viciously,mild
viciousness,mild
victimize,mild
vile,mild
vileness,mild
vilify,mild
villainous,mild
villainously,mild
villains,mild
villian,mild
villianous,mild
villianously,mild
villify,mild
vindictive,mild
vindictively,mild
vindictiveness,mild
violate,mild
violation,mild
violator,mild
violators,mild
violent,mild
violently,mild
viper,mild
virulence,mild
virulent,mild
virulently,mild
virus,mild
vociferous,mild
vociferously,mild
volatile,mild
volatility,mild
vomit,mild
vomited,mild
vomiting,mild
vomits,mild
vulgar,mild
vulnerable,mild
wack,mild
wail,mild
wallow,mild
wane,mild
waning,mild
wanton,mild
war-like,mild
warily,mild
wariness,mild
warlike,mild
warned,mild
warning,mild
warp,mild
warped,mild
wary,mild
washed-out,mild
waste,mild
wasted,mild
wasteful,mild
wastefulness,mild
wasting,mild
water-down,mild
watered-down,mild
wayward,mild
weak,mild
weaken,mild
weakening,mild
weaker,mild
weakness,mild
weaknesses,mild
weariness,mild
wearisome,mild
weary,mild
wedge,mild
weed,mild
weep,mild
weird,mild
weirdly,mild
wheedle,mild
whimper,mild
whine,mild
whining,mild
whiny,mild
whips,mild
whore,mild
whores,mild
wicked,mild
wickedly,mild
wickedness,mild
wild,mild
wildly,mild
wiles,mild
wilt,mild
wily,mild
wimpy,mild
wince,mild
wobble,mild
wobbled,mild
wobbles,mild
woe,mild
woebegone,mild
woeful,mild
woefully,mild
womanizer,mild
womanizing,mild
worn,mild
worried,mild
worriedly,mild
worrier,mild
worries,mild
worrisome,mild
worry,mild
worrying,mild
worryingly,mild
worse,mild
worsen,mild
worsening,mild
worst,mild
worthless,mild
worthlessly,mild
worthlessness,mild
wound,mild
wounds,mild
wrangle,mild
wrath,mild
wreak,mild
wreaked,mild
wreaks,mild
wreck,mild
wrest,mild
wrestle,mild
wretch,mild
wretched,mild
wretchedly,mild
wretchedness,mild
wrinkle,mild
wrinkled,mild
wrinkles,mild
wrip,mild
wripped,mild
wripping,mild
writhe,mild
wrong,mild
wrongful,mild
wrongly,mild
wrought,mild
yawn,mild
zap,mild
zapped,mild
zaps,mild
zealot,mild
zealous,mild
zealously,mild
zombie,mild
